customer_id,first_name,last_name,email,mobile,rating,signup_date,tier,city,state,country
1,Jennifer,Lloyd,Lloyd@reactual.tech,287688,4.00,1/19/2022,1,Thibodaux,LA,US
2,Alexander,White,White@reactual.tech,206776,4.20,2/18/2022,1,Thibodaux,LA,US
3,Stephanie,Rivera,Rivera@reactual.tech,924623,4.57,2/18/2022,1,Pigeon Forge,TN,US
4,Holly,Mckenzie,Mckenzie@reactual.tech,899289,4.59,2/15/2022,1,Pigeon Forge,TN,US
5,Tara,Rivera,Rivera@reactual.tech,215533,4.59,2/28/2022,1,Morrow,GA,US
6,David,Pruitt,Pruitt@reactual.tech,640530,4.59,1/10/2022,1,Detroit,MI,US
7,Christine,Mercer,Mercer@reactual.tech,375646,4.64,2/10/2022,1,Detroit,MI,US
8,Kara,White,White@reactual.tech,705650,4.64,1/27/2022,1,Oceanside,CA,US
9,Benjamin,Porter,Porter@reactual.tech,460233,4.66,2/13/2022,1,Riverhead,NY,US
10,Eric,Taylor,Taylor@reactual.tech,443432,4.69,1/17/2022,1,Monahans,TX,US
11,Gloria,Matthews,Matthews@reactual.tech,700108,4.69,2/13/2022,1,Mabank,TX,US
12,Steven,Bowman,Bowman@reactual.tech,643694,4.69,1/1/2022,1,Missouri City,TX,US
13,Victor,Williams,Williams@reactual.tech,377427,4.69,2/27/2022,1,Akron,OH,US
14,Howard,Cummings,Cummings@reactual.tech,254283,4.72,1/26/2022,1,Eastland,TX,US
15,Tyler,Chambers,Chambers@reactual.tech,639488,4.72,1/17/2022,1,Azusa,CA,US
16,Madison,Wilson,Wilson@reactual.tech,981010,4.72,2/18/2022,1,Summerville,SC,US
17,Angela,Dominguez,Dominguez@reactual.tech,799307,4.73,1/13/2022,1,Oregon,OH,US
18,Hayden,Bryant,Bryant@reactual.tech,994640,4.73,1/28/2022,1,Los Angeles,CA,US
19,Brittany,Hoover,Hoover@reactual.tech,450912,4.74,2/16/2022,1,Pearl,MS,US
20,Spencer,Medina,Medina@reactual.tech,943153,4.75,2/13/2022,1,Grand Rapids,MI,US
21,Michael,Scott,Scott@reactual.tech,572969,4.75,2/18/2022,1,Shelbyville,IN,US
22,Nicholas,Long,Long@reactual.tech,744279,4.76,1/9/2022,1,Brooklyn,NY,US
23,Angela,Wood,Wood@reactual.tech,757243,4.76,1/16/2022,1,Augusta,GA,US
24,Melissa,Rodriguez,Rodriguez@reactual.tech,344986,4.76,1/16/2022,1,Detroit,MI,US
25,John,Griffin,Griffin@reactual.tech,241818,4.76,2/9/2022,1,Arlington,MA,US
26,Dawn,Berg,Berg@reactual.tech,625593,4.77,1/5/2022,1,Schenectady,NY,US
27,Lisa,Ramirez,Ramirez@reactual.tech,628695,4.77,1/11/2022,1,Kingston,NY,US
28,Gabriel,Hart,Hart@reactual.tech,453534,4.77,2/17/2022,1,New York,NY,US
29,Lauren,Vargas,Vargas@reactual.tech,909687,4.78,1/7/2022,1,New York,NY,US
30,Christopher,Williams,Williams@reactual.tech,625092,4.78,2/26/2022,1,Uniondale,NY,US
31,Michael,Graves,Graves@reactual.tech,414178,4.78,1/23/2022,1,Jericho,NY,US
32,Ryan,Allen,Allen@reactual.tech,454648,4.79,2/13/2022,1,Jericho,NY,US
33,Kelly,Sanchez,Sanchez@reactual.tech,840619,4.79,1/12/2022,1,Albany,NY,US
34,Paula,Ward,Ward@reactual.tech,974660,4.79,2/13/2022,1,Bronx,NY,US
35,Amy,Trujillo,Trujillo@reactual.tech,566319,4.79,2/8/2022,1,Schenectady,NY,US
36,Angela,Cooke,Cooke@reactual.tech,302789,4.80,1/22/2022,1,Buffalo,NY,US
37,James,Carroll,Carroll@reactual.tech,685561,4.80,2/20/2022,1,Tonawanda,NY,US
38,Julie,Graham,Graham@reactual.tech,634817,4.80,1/26/2022,1,Woburn,MA,US
39,Cynthia,Welch,Welch@reactual.tech,454934,4.80,1/23/2022,1,Whitinsville,MA,US
40,Deborah,Wade,Wade@reactual.tech,765289,4.80,2/16/2022,1,Wilmington,MA,US
41,Michael,Torres,Torres@reactual.tech,790479,4.80,1/28/2022,1,Webster,MA,US
42,Brooke,Johnson,Johnson@reactual.tech,766688,4.80,1/31/2022,1,Waltham,MA,US
43,Tiffany,Novak,Novak@reactual.tech,939470,4.81,1/12/2022,1,Townsend,MA,US
44,Heather,Hudson,Hudson@reactual.tech,329475,4.81,1/18/2022,1,Walpole,MA,US
45,Tim,Santos,Santos@reactual.tech,428688,4.81,2/27/2022,1,Taunton,MA,US
46,Melissa,Keller,Keller@reactual.tech,248989,4.81,2/18/2022,1,Springfield,MA,US
47,Denise,Parsons,Parsons@reactual.tech,471734,4.81,2/11/2022,1,Springfield,MA,US
48,Sarah,Baker,Baker@reactual.tech,723066,4.82,1/8/2022,1,Springfield,MA,US
49,Wesley,Webb,Webb@reactual.tech,213484,4.82,1/10/2022,1,Springfield,MA,US
50,Timothy,Andrews,Andrews@reactual.tech,290812,4.82,1/21/2022,1,Springfield,MA,US
51,Desiree,Richardson,Richardson@reactual.tech,325999,4.82,1/27/2022,1,Spencer,MA,US
52,Matthew,Foster,Foster@reactual.tech,905297,4.82,1/10/2022,1,Spencer,MA,US
53,Jeanne,Black,Black@reactual.tech,585435,4.83,1/11/2022,1,Miami,FL,US
54,Julie,Davis,Davis@reactual.tech,810561,4.83,2/13/2022,1,Wylie,TX,US
55,William,Ortiz,Ortiz@reactual.tech,204373,4.83,1/9/2022,1,Tyler,TX,US
56,Mallory,Rogers,Rogers@reactual.tech,318236,4.83,1/31/2022,1,Columbia,MO,US
57,Lindsey,Evans,Evans@reactual.tech,331973,4.84,1/2/2022,1,Savannah,GA,US
58,Amanda,Nguyen,Nguyen@reactual.tech,495891,4.84,1/17/2022,1,Marietta,GA,US
59,Kimberly,Lee,Lee@reactual.tech,541078,4.84,1/27/2022,1,McDonough,GA,US
60,Donna,Huang,Huang@reactual.tech,344816,4.84,1/16/2022,1,Monroe,GA,US
61,Melody,Porter,Porter@reactual.tech,785207,4.84,1/21/2022,1,Augusta,GA,US
62,Amber,Graham,Graham@reactual.tech,529075,4.84,1/17/2022,1,Milledgeville,GA,US
63,Laurie,Chase,Chase@reactual.tech,330086,4.84,2/1/2022,1,Loganville,GA,US
64,Mark,Bird,Bird@reactual.tech,302111,4.85,1/19/2022,1,Loganville,GA,US
65,Amanda,Lin,Lin@reactual.tech,857163,4.85,2/13/2022,1,Lithonia,GA,US
66,Jennifer,Chapman,Chapman@reactual.tech,456694,4.85,2/18/2022,1,Danvers,MA,US
67,Alexander,Miller,Miller@reactual.tech,426322,4.85,1/9/2022,1,Springfield,MA,US
68,Pamela,Smith,Smith@reactual.tech,505435,4.85,2/4/2022,1,Ravenna,OH,US
69,Nicole,Campbell,Campbell@reactual.tech,609944,4.85,1/18/2022,1,Arlington,TX,US
70,Teresa,Howard,Howard@reactual.tech,402149,4.85,1/9/2022,1,Attleboro,MA,US
71,Mr.,Justin,Justin@reactual.tech,821445,4.85,1/17/2022,1,El Cajon,CA,US
72,Raymond,Mcclain,Mcclain@reactual.tech,370861,4.85,1/22/2022,1,El Cajon,CA,US
73,Melanie,Dunn,Dunn@reactual.tech,621560,4.85,2/5/2022,1,El Cajon,CA,US
74,Jennifer,Gonzalez,Gonzalez@reactual.tech,363963,4.85,2/27/2022,1,El Cajon,CA,US
75,Natalie,Rodriguez,Rodriguez@reactual.tech,370985,4.85,1/10/2022,1,Willow Grove,PA,US
76,John,Obrien,Obrien@reactual.tech,580798,4.85,2/20/2022,1,Fontana,CA,US
77,Lisa,Hamilton,Hamilton@reactual.tech,596490,4.86,1/24/2022,1,Encino,CA,US
78,Katrina,Walsh,Walsh@reactual.tech,312403,4.86,1/6/2022,1,Encinitas,CA,US
79,Heather,Tate,Tate@reactual.tech,850393,4.86,1/27/2022,1,Downey,CA,US
80,Sophia,Perry,Perry@reactual.tech,219288,4.86,2/13/2022,1,Downey,CA,US
81,Daniel,Hudson,Hudson@reactual.tech,283302,4.86,1/21/2022,1,San Diego,CA,US
82,Amy,Cisneros,Cisneros@reactual.tech,591485,4.86,2/19/2022,1,Cypress,TX,US
83,Sandra,Brewer,Brewer@reactual.tech,843366,4.86,1/21/2022,1,Cypress,TX,US
84,Charles,Chavez,Chavez@reactual.tech,890719,4.86,1/26/2022,1,Pleasant Hill,CA,US
85,Christopher,Moore,Moore@reactual.tech,799936,4.87,1/31/2022,1,Castro Valley,CA,US
86,Katelyn,Colon,Colon@reactual.tech,752942,4.87,2/13/2022,1,San Jose,CA,US
87,Kelly,Franklin,Franklin@reactual.tech,416547,4.87,2/24/2022,1,Compton,CA,US
88,Amy,Parks,Parks@reactual.tech,567690,4.87,2/17/2022,1,Chula Vista,CA,US
89,Alejandro,Hall,Hall@reactual.tech,530549,4.87,1/8/2022,1,Chico,CA,US
90,Katherine,Schneider,Schneider@reactual.tech,393277,4.87,1/9/2022,1,Arroyo Grande,CA,US
91,Jamie,Harris,Harris@reactual.tech,810540,4.87,2/19/2022,1,Palm Desert,CA,US
92,Kirsten,Atkinson,Atkinson@reactual.tech,270770,4.87,2/13/2022,1,Canoga Park,CA,US
93,Ebony,Leon,Leon@reactual.tech,846085,4.87,1/31/2022,1,Capitola,CA,US
94,Michael,Solomon,Solomon@reactual.tech,234541,4.87,2/15/2022,1,Camarillo,CA,US
95,Gina,Ferguson,Ferguson@reactual.tech,877893,4.87,2/13/2022,1,Barstow,CA,US
96,Patricia,Wright,Wright@reactual.tech,664957,4.87,1/1/2022,1,Baldwin Park,CA,US
97,Brian,Rodriguez,Rodriguez@reactual.tech,614041,4.87,2/13/2022,1,La Puente,CA,US
98,Jennifer,Atkins,Atkins@reactual.tech,784037,4.87,1/17/2022,1,Bishop,CA,US
99,Ronald,Brown,Brown@reactual.tech,524550,4.87,2/6/2022,1,Americus,GA,US
100,Randy,Patton,Patton@reactual.tech,464653,4.88,2/12/2022,1,Anderson,SC,US
101,Stephen,Larson,Larson@reactual.tech,801145,4.88,2/9/2022,1,Alhambra,CA,US
102,Robert,Zimmerman,Zimmerman@reactual.tech,227635,4.88,1/14/2022,1,Augusta,GA,US
103,Joseph,Cook,Cook@reactual.tech,961999,4.88,2/23/2022,1,Neoga,IL,US
104,John,Nguyen,Nguyen@reactual.tech,971000,4.88,2/23/2022,1,Newton,IL,US
105,Brandon,Sharp,Sharp@reactual.tech,635969,4.88,1/2/2022,1,Chatsworth,CA,US
106,Susan,Fields,Fields@reactual.tech,355964,4.88,2/13/2022,1,Cedartown,GA,US
107,Dr.,Brian,Brian@reactual.tech,553169,4.88,1/3/2022,1,Glastonbury,CT,US
108,Heather,King,King@reactual.tech,722478,4.88,2/2/2022,1,Glastonbury,CT,US
109,Courtney,Hanson,Hanson@reactual.tech,786791,4.88,1/15/2022,1,Campbellsville,KY,US
110,Paige,Howell,Howell@reactual.tech,892249,4.88,2/1/2022,1,Campbellsville,KY,US
111,Jason,Singh,Singh@reactual.tech,235869,4.88,1/21/2022,1,Fairfield,CA,US
112,Jonathan,Hernandez,Hernandez@reactual.tech,721658,4.88,2/13/2022,1,Ashland,KY,US
113,David,Jones,Jones@reactual.tech,823252,4.88,1/4/2022,1,Ashland,KY,US
114,Megan,Dunlap,Dunlap@reactual.tech,985083,4.88,2/12/2022,1,Fort Pierce,FL,US
115,Hannah,Collins,Collins@reactual.tech,333380,4.88,2/13/2022,1,Brooksville,FL,US
116,Logan,Summers,Summers@reactual.tech,408078,4.88,1/23/2022,1,Hobe Sound,FL,US
117,Jennifer,Duran,Duran@reactual.tech,668706,4.88,1/2/2022,1,Navarre,FL,US
118,Darrell,Johnson,Johnson@reactual.tech,649001,4.88,2/23/2022,1,Hialeah,FL,US
119,Christian,Meyer,Meyer@reactual.tech,612570,4.88,1/12/2022,1,Hialeah,FL,US
120,Cassandra,Cox,Cox@reactual.tech,279202,4.88,2/28/2022,1,Haines City,FL,US
121,Wanda,Young,Young@reactual.tech,813374,4.88,1/23/2022,1,Saint Augustine,FL,US
122,Albert,Palmer,Palmer@reactual.tech,580194,4.89,1/30/2022,1,Deltona,FL,US
123,Devin,Boyle,Boyle@reactual.tech,525680,4.89,1/14/2022,1,DeFuniak Springs,FL,US
124,Teresa,Williams,Williams@reactual.tech,418480,4.89,1/2/2022,1,DeFuniak Springs,FL,US
125,Jon,Hunter,Hunter@reactual.tech,546740,4.89,1/17/2022,1,DeFuniak Springs,FL,US
126,David,Jackson,Jackson@reactual.tech,844284,4.89,2/3/2022,1,Estero,FL,US
127,Julie,Castillo,Castillo@reactual.tech,672743,4.89,2/1/2022,1,Brandon,FL,US
128,Courtney,Davis,Davis@reactual.tech,771552,4.89,1/30/2022,1,Belle Glade,FL,US
129,Kirk,Bradley,Bradley@reactual.tech,580895,4.89,2/13/2022,1,Avon Park,FL,US
130,Sharon,Yates,Yates@reactual.tech,627576,4.89,1/11/2022,1,Wauchula,FL,US
131,Heather,Richardson,Richardson@reactual.tech,847331,4.89,1/3/2022,1,Apopka,FL,US
132,Brandon,Moore,Moore@reactual.tech,818655,4.89,2/20/2022,1,Savannah,GA,US
133,Mr.,Donald,Donald@reactual.tech,574801,4.89,2/14/2022,1,Arkansas City,KS,US
134,Linda,Thornton,Thornton@reactual.tech,962765,4.89,1/14/2022,1,Dodge City,KS,US
135,Linda,Rodriguez,Rodriguez@reactual.tech,979140,4.89,1/4/2022,1,Ankeny,IA,US
136,Samantha,Booker,Booker@reactual.tech,923350,4.89,1/17/2022,1,Ankeny,IA,US
137,Rachel,Maynard,Maynard@reactual.tech,832756,4.89,2/11/2022,1,Kahului,HI,US
138,Justin,Spencer,Spencer@reactual.tech,484568,4.89,2/9/2022,1,Ames,IA,US
139,Joseph,Lyons,Lyons@reactual.tech,462708,4.89,2/1/2022,1,Ames,IA,US
140,Phyllis,Reilly,Reilly@reactual.tech,294687,4.89,1/13/2022,1,Ankeny,IA,US
141,Kirsten,Mcintosh,Mcintosh@reactual.tech,438604,4.89,1/27/2022,1,Boise,ID,US
142,Stephanie,Shah,Shah@reactual.tech,440332,4.89,2/21/2022,1,Burlington,NC,US
143,Joshua,Wilson,Wilson@reactual.tech,362299,4.89,1/27/2022,1,Bettendorf,IA,US
144,Connor,Dalton,Dalton@reactual.tech,781995,4.89,2/7/2022,1,Charlotte,NC,US
145,Jessica,Medina,Medina@reactual.tech,900510,4.89,2/7/2022,1,Hesperia,CA,US
146,Robert,Finley,Finley@reactual.tech,975149,4.89,2/20/2022,1,Hesperia,CA,US
147,Michael,Lambert,Lambert@reactual.tech,208838,4.90,1/8/2022,1,Hawthorne,CA,US
148,Michael,Briggs,Briggs@reactual.tech,828463,4.90,1/8/2022,1,Granada Hills,CA,US
149,Bryan,Shepherd,Shepherd@reactual.tech,619420,4.90,1/26/2022,1,Dover,DE,US
150,Robert,Cole,Cole@reactual.tech,930590,4.90,2/12/2022,1,Dover,DE,US
151,Jeffrey,Sherman,Sherman@reactual.tech,955484,4.90,1/11/2022,1,Fountain Inn,SC,US
152,Kimberly,Lopez,Lopez@reactual.tech,641777,4.90,1/5/2022,1,Lebanon,PA,US
153,Andrew,Brewer,Brewer@reactual.tech,357601,4.90,2/24/2022,1,Lebanon,PA,US
154,Ashley,Cummings,Cummings@reactual.tech,840648,4.90,2/14/2022,1,Claymont,DE,US
155,Brent,Black,Black@reactual.tech,534276,4.90,2/11/2022,1,Chandler,AZ,US
156,Patricia,Evans,Evans@reactual.tech,397030,4.90,1/21/2022,1,Plover,WI,US
157,Nicole,Wagner,Wagner@reactual.tech,571918,4.90,2/24/2022,1,Aurora,CO,US
158,Margaret,Garcia,Garcia@reactual.tech,678064,4.90,1/28/2022,1,Energy,IL,US
159,Jose,Wilson,Wilson@reactual.tech,757026,4.90,2/7/2022,1,Pea Ridge,AR,US
160,Julie,Jones,Jones@reactual.tech,469234,4.90,2/12/2022,1,Clarksville,TN,US
161,Kevin,Cox,Cox@reactual.tech,389821,4.90,2/23/2022,1,Alliance,OH,US
162,Evan,Duncan,Duncan@reactual.tech,998704,4.90,1/9/2022,1,Bryant,AR,US
163,Nancy,Martin,Martin@reactual.tech,429433,4.90,1/9/2022,1,Bryant,AR,US
164,Barbara,Collins,Collins@reactual.tech,699728,4.90,2/13/2022,1,Flagstaff,AZ,US
165,Jane,Brock,Brock@reactual.tech,344258,4.90,1/10/2022,1,Brookings,SD,US
166,Ariel,May,May@reactual.tech,851200,4.90,2/21/2022,1,Brookings,SD,US
167,Rebecca,Davis,Davis@reactual.tech,698172,4.91,2/5/2022,1,Apache Junction,AZ,US
168,Katrina,Watts,Watts@reactual.tech,532850,4.91,1/3/2022,1,Bluefield,WV,US
169,Nichole,Cole,Cole@reactual.tech,347057,4.91,1/4/2022,1,Beckley,WV,US
170,Keith,Smith,Smith@reactual.tech,563603,4.91,2/11/2022,1,Beckley,WV,US
171,Sarah,Jones,Jones@reactual.tech,426485,4.91,2/15/2022,1,Highland Park,IL,US
172,Melanie,Thompson,Thompson@reactual.tech,316243,4.91,1/1/2022,1,Buckhannon,WV,US
173,Michelle,Delgado,Delgado@reactual.tech,368538,4.91,1/16/2022,1,Cody,WY,US
174,Mitchell,Cook,Cook@reactual.tech,688317,4.91,1/17/2022,1,Cody,WY,US
175,Brian,Mcdonald,Mcdonald@reactual.tech,594586,4.91,2/15/2022,1,Cheyenne,WY,US
176,Emily,Wright,Wright@reactual.tech,940228,4.91,1/12/2022,1,Collierville,TN,US
177,Crystal,Jackson,Jackson@reactual.tech,304474,4.91,2/25/2022,1,Collierville,TN,US
178,Allen,Khan,Khan@reactual.tech,781121,4.91,2/1/2022,1,Casper,WY,US
179,Craig,Moss,Moss@reactual.tech,946988,4.91,2/5/2022,1,Cordova,TN,US
180,James,Cruz,Cruz@reactual.tech,698675,4.91,2/13/2022,1,Mobridge,SD,US
181,Monique,Pitts,Pitts@reactual.tech,749729,4.91,2/7/2022,1,Defiance,OH,US
182,Jennifer,Oconnor,Oconnor@reactual.tech,909619,4.91,1/1/2022,1,Defiance,OH,US
183,Patrick,Berry,Berry@reactual.tech,959608,4.91,2/13/2022,1,Fairborn,OH,US
184,Rebecca,Hutchinson,Hutchinson@reactual.tech,385856,4.91,2/21/2022,1,Aberdeen,SD,US
185,Matthew,Rodriguez,Rodriguez@reactual.tech,661234,4.91,1/8/2022,1,Blountville,TN,US
186,Monica,Morgan,Morgan@reactual.tech,430986,4.91,2/18/2022,1,Blountville,TN,US
187,Derrick,Johnson,Johnson@reactual.tech,275324,4.91,1/2/2022,1,Blountville,TN,US
188,Christopher,Davis,Davis@reactual.tech,600785,4.91,2/13/2022,1,Blountville,TN,US
189,Brian,Cole,Cole@reactual.tech,781220,4.91,2/18/2022,1,Berea,KY,US
190,David,Bowman,Bowman@reactual.tech,648398,4.91,1/10/2022,1,East Liverpool,OH,US
191,Dr.,Kristina,Kristina@reactual.tech,657413,4.91,2/20/2022,1,East Liverpool,OH,US
192,Mercedes,Vargas,Vargas@reactual.tech,212595,4.92,2/13/2022,1,Lima,OH,US
193,Paul,Reyes,Reyes@reactual.tech,404899,4.92,2/9/2022,1,Circleville,OH,US
194,John,Hampton,Hampton@reactual.tech,850099,4.92,2/17/2022,1,Chardon,OH,US
195,Dr.,Jason,Jason@reactual.tech,636096,4.92,2/27/2022,1,Bellefontaine,OH,US
196,Aaron,Martinez,Martinez@reactual.tech,347507,4.92,1/12/2022,1,Broadview Heights,OH,US
197,Justin,Hayden,Hayden@reactual.tech,415104,4.92,2/26/2022,1,Broadview Heights,OH,US
198,Anita,Johnson,Johnson@reactual.tech,554545,4.92,2/13/2022,1,Chippewa Falls,WI,US
199,Matthew,Hernandez,Hernandez@reactual.tech,574184,4.92,1/25/2022,1,Delavan,WI,US
200,Angelica,Rose,Rose@reactual.tech,890012,4.92,1/12/2022,1,Delavan,WI,US
201,Troy,Miller,Miller@reactual.tech,669627,4.92,2/8/2022,1,Christiansburg,VA,US
202,Brittany,Reyes,Reyes@reactual.tech,529630,4.92,1/22/2022,1,Christiansburg,VA,US
203,Lindsey,Lawrence,Lawrence@reactual.tech,653612,4.92,2/15/2022,1,Christiansburg,VA,US
204,Miss,Lisa,Lisa@reactual.tech,747880,4.92,1/2/2022,1,Farmville,VA,US
205,Kelly,Maldonado,Maldonado@reactual.tech,815321,4.92,2/24/2022,1,Charlottesville,VA,US
206,Justin,Ortiz,Ortiz@reactual.tech,923514,4.92,2/17/2022,1,Gresham,OR,US
207,Mr.,Travis,Travis@reactual.tech,485428,4.92,1/25/2022,1,El Paso,TX,US
208,Jessica,Smith,Smith@reactual.tech,612683,4.92,1/8/2022,1,Wharton,TX,US
209,Lisa,Rodriguez,Rodriguez@reactual.tech,416293,4.92,2/27/2022,1,Denison,TX,US
210,Thomas,Thompson,Thompson@reactual.tech,239114,4.92,1/7/2022,1,Penitas,TX,US
211,Keith,King,King@reactual.tech,671568,4.92,1/30/2022,1,Eagle Pass,TX,US
212,Eric,Green,Green@reactual.tech,854507,4.92,1/28/2022,1,Del Rio,TX,US
213,Matthew,Carpenter,Carpenter@reactual.tech,521786,4.92,1/19/2022,1,Bryan,TX,US
214,Jeffery,Ramos,Ramos@reactual.tech,703836,4.92,1/18/2022,1,Cleburne,TX,US
215,Alexandra,Joseph,Joseph@reactual.tech,497562,4.92,2/19/2022,1,Burleson,TX,US
216,Kylie,Travis,Travis@reactual.tech,321595,4.92,2/19/2022,1,Burleson,TX,US
217,Hailey,Jones,Jones@reactual.tech,862662,4.92,1/27/2022,1,Bellaire,TX,US
218,Robert,Frazier,Frazier@reactual.tech,630676,4.92,1/18/2022,1,Abilene,TX,US
219,Regina,Bell,Bell@reactual.tech,411062,4.92,1/13/2022,1,Beeville,TX,US
220,Paige,Diaz,Diaz@reactual.tech,572676,4.92,2/14/2022,1,Pettus,TX,US
221,Andre,Cohen,Cohen@reactual.tech,753634,4.92,2/13/2022,1,Sinton,TX,US
222,Shawn,Love,Love@reactual.tech,236332,4.93,2/13/2022,1,Angleton,TX,US
223,Steven,Murphy,Murphy@reactual.tech,241888,4.93,2/19/2022,1,Flourtown,PA,US
224,Julie,Gonzales,Gonzales@reactual.tech,451764,4.93,2/12/2022,1,Chestertown,MD,US
225,Mary,Santana,Santana@reactual.tech,291730,4.93,2/14/2022,1,Chestertown,MD,US
226,Gina,Neal,Neal@reactual.tech,876509,4.93,1/27/2022,1,Alice,TX,US
227,Ashley,Fields,Fields@reactual.tech,645063,4.93,1/30/2022,1,Orlando,FL,US
228,Patrick,Krause,Krause@reactual.tech,722262,4.93,2/2/2022,1,Columbia,MD,US
229,Mr.,Jerry,Jerry@reactual.tech,779695,4.93,1/27/2022,1,Elkridge,MD,US
230,Edward,Pacheco,Pacheco@reactual.tech,378135,4.93,1/22/2022,1,Fairless Hills,PA,US
231,Jennifer,Romero,Romero@reactual.tech,399085,4.93,2/13/2022,1,Fairless Hills,PA,US
232,Alex,Hoffman,Hoffman@reactual.tech,509204,4.93,1/14/2022,1,Ephrata,PA,US
233,William,Hill,Hill@reactual.tech,266370,4.93,1/2/2022,1,Ottumwa,IA,US
234,Jason,Campos,Campos@reactual.tech,692722,4.93,2/13/2022,1,Abingdon,VA,US
235,Mark,Hayes,Hayes@reactual.tech,767465,4.93,1/16/2022,1,Abingdon,VA,US
236,Monica,Martinez,Martinez@reactual.tech,555539,4.93,1/2/2022,1,Alexandria,VA,US
237,Joyce,Stone,Stone@reactual.tech,484335,4.93,2/4/2022,1,Alexandria,VA,US
238,Christian,Johnson,Johnson@reactual.tech,464655,4.93,2/21/2022,1,Ebensburg,PA,US
239,Melissa,Stephens,Stephens@reactual.tech,932351,4.93,2/22/2022,1,Ebensburg,PA,US
240,Michael,Carpenter,Carpenter@reactual.tech,780360,4.93,2/19/2022,1,Erie,PA,US
241,Angela,Cooper,Cooper@reactual.tech,478398,4.93,2/22/2022,1,Erie,PA,US
242,Shane,Miller,Miller@reactual.tech,302703,4.93,2/21/2022,1,Florence,KY,US
243,Bradley,Baker,Baker@reactual.tech,334836,4.93,2/7/2022,1,Coopersburg,PA,US
244,Alexander,Boyd,Boyd@reactual.tech,934023,4.93,2/21/2022,1,Clarion,PA,US
245,Victoria,Turner,Turner@reactual.tech,256785,4.93,2/25/2022,1,Canonsburg,PA,US
246,Kristin,Woods,Woods@reactual.tech,962607,4.93,2/24/2022,1,Canonsburg,PA,US
247,Whitney,Gonzales,Gonzales@reactual.tech,207304,4.93,1/13/2022,1,Berwick,PA,US
248,Kim,Moore,Moore@reactual.tech,877144,4.93,1/18/2022,1,Bethel Park,PA,US
249,Amanda,Clark,Clark@reactual.tech,460187,4.93,1/18/2022,1,Frankfort,KY,US
250,James,Robles,Robles@reactual.tech,293095,4.93,2/23/2022,1,Seattle,WA,US
251,Anthony,Long,Long@reactual.tech,859007,4.93,1/28/2022,1,Crawfordsville,IN,US
252,Andrew,Montgomery,Montgomery@reactual.tech,767472,4.94,1/26/2022,1,Crawfordsville,IN,US
253,Jason,Mullins,Mullins@reactual.tech,532069,4.94,2/13/2022,1,Milwaukee,WI,US
254,Ronald,Walker,Walker@reactual.tech,867230,4.94,1/5/2022,1,Layton,UT,US
255,John,Foster,Foster@reactual.tech,976777,4.94,1/19/2022,1,Goshen,IN,US
256,Carlos,Burton,Burton@reactual.tech,420685,4.94,2/13/2022,1,Gaffney,SC,US
257,Rachel,Lee,Lee@reactual.tech,986958,4.94,2/13/2022,1,Elko,NV,US
258,Brittany,Garcia,Garcia@reactual.tech,315531,4.94,1/7/2022,1,Elko,NV,US
259,Ashley,Bennett,Bennett@reactual.tech,328612,4.94,2/13/2022,1,Coram,NY,US
260,Christina,Davidson,Davidson@reactual.tech,918175,4.94,2/26/2022,1,Laurel,MD,US
261,Kayla,Davies,Davies@reactual.tech,311688,4.94,1/19/2022,1,Brookhaven,MS,US
262,Melissa,Garcia,Garcia@reactual.tech,896814,4.94,1/30/2022,1,Corning,NY,US
263,Mr.,Eric,Eric@reactual.tech,608637,4.94,1/19/2022,1,Corning,NY,US
264,Gregory,Orr,Orr@reactual.tech,966931,4.94,1/24/2022,1,Amityville,NY,US
265,Denise,Elliott,Elliott@reactual.tech,597871,4.94,2/20/2022,1,Pickens,SC,US
266,Kevin,Roberts,Roberts@reactual.tech,587250,4.94,1/13/2022,1,Spartanburg,SC,US
267,David,Willis,Willis@reactual.tech,337708,4.94,2/12/2022,1,Gambrills,MD,US
268,Gregory,Delgado,Delgado@reactual.tech,373646,4.94,2/5/2022,1,Red Springs,NC,US
269,Alexandra,Faulkner,Faulkner@reactual.tech,592148,4.94,1/27/2022,1,Glen Cove,NY,US
270,Thomas,Turner,Turner@reactual.tech,537678,4.94,1/11/2022,1,Van,TX,US
271,Mary,Quinn,Quinn@reactual.tech,734740,4.94,2/4/2022,1,Van,TX,US
272,Amanda,Richardson,Richardson@reactual.tech,477218,4.94,1/7/2022,1,Tivoli,TX,US
273,Stephanie,Bates,Bates@reactual.tech,464033,4.94,1/9/2022,1,Rusk,TX,US
274,William,Barron,Barron@reactual.tech,743704,4.94,1/7/2022,1,Borger,TX,US
275,Sharon,Horne,Horne@reactual.tech,299596,4.94,1/23/2022,1,San Marcos,TX,US
276,Aaron,Rodriguez,Rodriguez@reactual.tech,890846,4.94,2/12/2022,1,San Antonio,TX,US
277,Morgan,Dennis,Dennis@reactual.tech,429482,4.94,1/1/2022,1,San Antonio,TX,US
278,Rodney,Santos,Santos@reactual.tech,392701,4.94,2/13/2022,1,Virginia Beach,VA,US
279,Nancy,Graham,Graham@reactual.tech,499154,4.94,2/13/2022,1,Norfolk,VA,US
280,Timothy,May,May@reactual.tech,636932,4.94,2/18/2022,1,Richmond,VA,US
281,Vincent,Mcdaniel,Mcdaniel@reactual.tech,631559,4.94,1/27/2022,1,Roanoke,VA,US
282,Tiffany,Anthony,Anthony@reactual.tech,396300,4.94,1/9/2022,1,Portsmouth,VA,US
283,Mia,Lynch,Lynch@reactual.tech,623982,4.94,1/18/2022,1,Pulaski,VA,US
284,Stephanie,Barry,Barry@reactual.tech,515072,4.94,1/26/2022,1,Norfolk,VA,US
285,Jessica,Dunlap,Dunlap@reactual.tech,767884,4.94,1/23/2022,1,Newport News,VA,US
286,Frances,Sharp,Sharp@reactual.tech,686550,4.94,1/24/2022,1,Lynchburg,VA,US
287,Nathan,Lopez,Lopez@reactual.tech,983780,4.94,2/18/2022,1,Lawrenceville,VA,US
288,Crystal,Brown,Brown@reactual.tech,325400,4.94,2/4/2022,1,Lynchburg,VA,US
289,Kristen,Alvarado,Alvarado@reactual.tech,467811,4.94,2/26/2022,1,Meridian,ID,US
290,Megan,Hamilton,Hamilton@reactual.tech,348395,4.95,2/13/2022,1,Las Vegas,NV,US
291,Jody,Griffin,Griffin@reactual.tech,935586,4.95,2/7/2022,1,Las Vegas,NV,US
292,Kimberly,Johnson,Johnson@reactual.tech,576626,4.95,2/11/2022,1,Las Vegas,NV,US
293,Mary,Jenkins,Jenkins@reactual.tech,960576,4.95,2/28/2022,1,Dayton,NV,US
294,James,Jensen,Jensen@reactual.tech,580718,4.95,2/13/2022,1,Utica,MI,US
295,Joshua,Hodge,Hodge@reactual.tech,589482,4.95,2/13/2022,1,Ann Arbor,MI,US
296,William,Reynolds,Reynolds@reactual.tech,740117,4.95,1/15/2022,1,Bakersfield,CA,US
297,Nicholas,Huerta,Huerta@reactual.tech,338929,4.95,1/18/2022,1,Portage,IN,US
298,David,Jones,Jones@reactual.tech,422660,4.95,2/5/2022,1,Evansville,IN,US
299,Morgan,Wright,Wright@reactual.tech,412330,4.95,2/2/2022,1,Indianapolis,IN,US
300,David,Delacruz,Delacruz@reactual.tech,568389,4.95,1/24/2022,1,Mishawaka,IN,US
301,Heather,Davis,Davis@reactual.tech,311041,4.95,1/12/2022,1,Evansville,IN,US
302,Vincent,Jacobs,Jacobs@reactual.tech,751507,4.95,2/11/2022,1,North Manchester,IN,US
303,Miss,Amanda,Amanda@reactual.tech,550868,4.95,2/13/2022,1,New Albany,IN,US
304,Jesus,Cox,Cox@reactual.tech,678453,4.95,2/13/2022,1,Wayne,MI,US
305,Sarah,Martinez,Martinez@reactual.tech,946788,4.95,2/28/2022,1,Mattoon,IL,US
306,Kathleen,Frazier,Frazier@reactual.tech,452953,4.95,2/1/2022,1,Chicago,IL,US
307,Mrs.,Connie,Connie@reactual.tech,321236,4.95,2/24/2022,1,El Paso,IL,US
308,Lisa,Rice,Rice@reactual.tech,307431,4.95,2/11/2022,1,Mahomet,IL,US
309,Tyler,White,White@reactual.tech,362735,4.95,1/31/2022,1,Cambridge,MA,US
310,Raymond,Coleman,Coleman@reactual.tech,684065,4.95,1/4/2022,1,Boston,MA,US
311,Johnny,Smith,Smith@reactual.tech,762834,4.95,2/8/2022,1,Boston,MA,US
312,Wanda,Nash,Nash@reactual.tech,679947,4.95,2/22/2022,1,Lincoln Park,MI,US
313,Kayla,Boyle,Boyle@reactual.tech,953506,4.95,2/13/2022,1,Massillon,OH,US
314,Alan,Lee,Lee@reactual.tech,793821,4.95,1/14/2022,1,Kings Mountain,NC,US
315,Crystal,Rowe,Rowe@reactual.tech,230150,4.95,2/26/2022,1,Pekin,IL,US
316,Danielle,Mendoza,Mendoza@reactual.tech,983780,4.95,2/1/2022,1,Peoria,IL,US
317,Mark,Nelson,Nelson@reactual.tech,665418,4.95,2/13/2022,1,Gilbert,AZ,US
318,Ryan,Miller,Miller@reactual.tech,735627,4.95,2/23/2022,1,Petersburg,IL,US
319,Timothy,Miller,Miller@reactual.tech,697002,4.95,2/7/2022,1,Decatur,IL,US
320,Kenneth,Hicks,Hicks@reactual.tech,532329,4.95,2/8/2022,1,Cary,IL,US
321,Matthew,Norris,Norris@reactual.tech,921623,4.95,2/12/2022,1,Monmouth,IL,US
322,Stacy,Freeman,Freeman@reactual.tech,500740,4.95,2/13/2022,1,Marion,IL,US
323,Brenda,Jefferson,Jefferson@reactual.tech,373424,4.95,1/3/2022,1,Marion,IL,US
324,Julie,Hull,Hull@reactual.tech,899471,4.95,1/13/2022,1,Columbus,OH,US
325,Fred,Carpenter,Carpenter@reactual.tech,946215,4.95,1/15/2022,1,Los Angeles,CA,US
326,Charles,Burke,Burke@reactual.tech,821056,4.95,1/28/2022,1,Polo,IL,US
327,Samantha,Garza,Garza@reactual.tech,386174,4.95,2/24/2022,1,McAlester,OK,US
328,Brenda,Avila,Avila@reactual.tech,444383,4.95,1/27/2022,1,Oklahoma City,OK,US
329,Laura,Scott,Scott@reactual.tech,998082,4.95,2/11/2022,1,Lafayette,LA,US
330,Charles,Evans,Evans@reactual.tech,334254,4.95,2/25/2022,1,Montrose,MI,US
331,Lauren,Reyes,Reyes@reactual.tech,449676,4.95,2/15/2022,1,Manassas,VA,US
332,Lisa,Moore,Moore@reactual.tech,301008,4.96,2/13/2022,1,Sylvania,OH,US
333,Heather,Smith,Smith@reactual.tech,413546,4.96,2/13/2022,1,Cartersville,GA,US
334,Mark,Frost,Frost@reactual.tech,573834,4.96,1/5/2022,1,Bowdon,GA,US
335,Jeremiah,Horne,Horne@reactual.tech,654930,4.96,1/6/2022,1,Macon,GA,US
336,Jessica,Scott,Scott@reactual.tech,388781,4.96,2/12/2022,1,Gainesville,GA,US
337,Donald,Romero,Romero@reactual.tech,770128,4.96,1/9/2022,1,Warner Robins,GA,US
338,Kelly,Hull,Hull@reactual.tech,341091,4.96,2/18/2022,1,Albany,GA,US
339,Pamela,Wright,Wright@reactual.tech,529756,4.96,2/24/2022,1,Albany,GA,US
340,Diane,Hamilton,Hamilton@reactual.tech,308354,4.96,2/13/2022,1,Barnesville,GA,US
341,Stephanie,Holmes,Holmes@reactual.tech,322033,4.96,2/13/2022,1,North Augusta,SC,US
342,Anthony,Washington,Washington@reactual.tech,435613,4.96,2/22/2022,1,North Augusta,SC,US
343,Stephanie,Arnold,Arnold@reactual.tech,374492,4.96,1/10/2022,1,Pensacola,FL,US
344,Shelby,Andrews,Andrews@reactual.tech,318017,4.96,2/18/2022,1,Panama City,FL,US
345,Brandon,Flores,Flores@reactual.tech,321263,4.96,1/17/2022,1,Atlanta,GA,US
346,Margaret,Sawyer,Sawyer@reactual.tech,365430,4.96,1/15/2022,1,Atlanta,GA,US
347,Tara,Gibson,Gibson@reactual.tech,353043,4.96,1/6/2022,1,Jonesboro,GA,US
348,Jessica,Jackson,Jackson@reactual.tech,343586,4.96,1/16/2022,1,Atlanta,GA,US
349,Paul,Carter,Carter@reactual.tech,926524,4.96,2/5/2022,1,Jacksonville,FL,US
350,John,Taylor,Taylor@reactual.tech,927455,4.96,1/31/2022,1,Atlantic Beach,FL,US
351,James,Chaney,Chaney@reactual.tech,719987,4.96,2/24/2022,1,Fort Walton Beach,FL,US
352,Benjamin,Brewer,Brewer@reactual.tech,956556,4.96,1/11/2022,1,Graceville,FL,US
353,Joshua,Ford,Ford@reactual.tech,915373,4.96,1/30/2022,1,DeLand,FL,US
354,Tyler,Stevens,Stevens@reactual.tech,843402,4.96,1/24/2022,1,Harrington,DE,US
355,Willie,Beltran,Beltran@reactual.tech,690194,4.96,2/26/2022,1,Chattahoochee,FL,US
356,Emily,Wilson,Wilson@reactual.tech,262321,4.96,1/6/2022,1,Springdale,AR,US
357,Brittany,Johnson,Johnson@reactual.tech,953356,4.96,1/1/2022,1,Roanoke,VA,US
358,Lynn,Johnson,Johnson@reactual.tech,755888,4.96,2/13/2022,1,Bangor,ME,US
359,Lawrence,Booth,Booth@reactual.tech,208215,4.96,2/1/2022,1,Daleville,VA,US
360,Paul,Sims,Sims@reactual.tech,272333,4.96,2/12/2022,1,Dickinson,ND,US
361,Angela,Marshall,Marshall@reactual.tech,737146,4.96,2/13/2022,1,Asheboro,NC,US
362,Keith,Pitts,Pitts@reactual.tech,633974,4.96,2/13/2022,1,Winston-Salem,NC,US
363,Melissa,Prince,Prince@reactual.tech,250475,4.96,2/5/2022,1,Saint Louis,MO,US
364,Joshua,Anderson,Anderson@reactual.tech,791066,4.96,1/15/2022,1,Eunice,LA,US
365,Tammy,Castillo,Castillo@reactual.tech,716970,4.96,2/16/2022,1,Festus,MO,US
366,Kevin,Hall,Hall@reactual.tech,206901,4.96,1/10/2022,1,Florissant,MO,US
367,April,Vaughn,Vaughn@reactual.tech,494073,4.96,2/20/2022,1,Cape Girardeau,MO,US
368,James,Craig,Craig@reactual.tech,930719,4.96,2/28/2022,1,Fairborn,OH,US
369,Jeffrey,Stephens,Stephens@reactual.tech,516926,4.96,2/12/2022,1,Akron,OH,US
370,Heather,White,White@reactual.tech,839341,4.96,2/2/2022,1,New Philadelphia,OH,US
371,Travis,Cobb,Cobb@reactual.tech,211801,4.96,1/18/2022,1,Cambridge,OH,US
372,Glenn,Rice,Rice@reactual.tech,873588,4.96,2/14/2022,1,Florence,SC,US
373,Cindy,Juarez,Juarez@reactual.tech,610023,4.96,2/28/2022,1,Florence,SC,US
374,Allison,Williams,Williams@reactual.tech,481001,4.96,2/13/2022,1,Derry,NH,US
375,Dr.,Richard,Richard@reactual.tech,703738,4.96,1/12/2022,1,Rutland,VT,US
376,Stephen,Oconnor,Oconnor@reactual.tech,234089,4.96,2/21/2022,1,Layton,UT,US
377,Angela,Berry,Berry@reactual.tech,468109,4.96,2/11/2022,1,Enosburg Falls,VT,US
378,Dr.,Donna,Donna@reactual.tech,567934,4.96,2/13/2022,1,West Helena,AR,US
379,Patricia,Wise,Wise@reactual.tech,651596,4.96,2/4/2022,1,South Burlington,VT,US
380,Annette,Smith,Smith@reactual.tech,329451,4.96,2/21/2022,1,South Burlington,VT,US
381,Sally,Garcia,Garcia@reactual.tech,495100,4.96,1/27/2022,1,South Burlington,VT,US
382,Theresa,Dominguez,Dominguez@reactual.tech,222469,4.96,1/29/2022,1,Essex Junction,VT,US
383,Kristin,Hawkins,Hawkins@reactual.tech,682743,4.96,1/15/2022,1,Colchester,VT,US
384,Amanda,Henson,Henson@reactual.tech,650101,4.96,1/3/2022,1,Adairsville,GA,US
385,Christopher,Smith,Smith@reactual.tech,565211,4.96,2/13/2022,1,Salt Lake City,UT,US
386,Melanie,Harvey,Harvey@reactual.tech,393188,4.97,2/4/2022,1,Ogden,UT,US
387,Sherry,Jimenez,Jimenez@reactual.tech,556623,4.97,2/11/2022,1,Provo,UT,US
388,Jillian,Jones,Jones@reactual.tech,427831,4.97,2/20/2022,1,Veradale,WA,US
389,Janet,Mcdonald,Mcdonald@reactual.tech,926178,4.97,1/31/2022,1,Brigham City,UT,US
390,Kevin,Hamilton,Hamilton@reactual.tech,295912,4.97,1/11/2022,1,Yelm,WA,US
391,Kevin,Williams,Williams@reactual.tech,937080,4.97,1/31/2022,1,Yelm,WA,US
392,Kristen,Campbell,Campbell@reactual.tech,831830,4.97,1/14/2022,1,Clarksburg,WV,US
393,Kathleen,Solis,Solis@reactual.tech,390742,4.97,2/25/2022,1,Yakima,WA,US
394,Jessica,Munoz,Munoz@reactual.tech,661184,4.97,2/1/2022,1,Yakima,WA,US
395,Loretta,Chavez,Chavez@reactual.tech,489874,4.97,2/8/2022,1,Yakima,WA,US
396,Kyle,Harris,Harris@reactual.tech,779739,4.97,1/24/2022,1,Walla Walla,WA,US
397,Tamara,Brown,Brown@reactual.tech,927933,4.97,2/13/2022,1,Woodland,WA,US
398,Rebecca,Mccoy,Mccoy@reactual.tech,863277,4.97,2/20/2022,1,East Lansing,MI,US
399,Christopher,Zuniga,Zuniga@reactual.tech,845429,4.97,2/10/2022,1,Los Angeles,CA,US
400,Amber,Warren,Warren@reactual.tech,832867,4.97,1/10/2022,1,Davison,MI,US
401,David,Reed,Reed@reactual.tech,578994,4.97,1/26/2022,1,Murray,KY,US
402,Kristen,Thomas,Thomas@reactual.tech,400292,4.97,1/14/2022,1,Owensboro,KY,US
403,Sherry,Bennett,Bennett@reactual.tech,792687,4.97,1/21/2022,1,Rutherford,NJ,US
404,Valerie,Reed,Reed@reactual.tech,751785,4.97,1/26/2022,1,Omaha,NE,US
405,Amanda,Hughes,Hughes@reactual.tech,861046,4.97,1/15/2022,1,Charlevoix,MI,US
406,Aaron,Berry,Berry@reactual.tech,614412,4.97,2/13/2022,1,Bellevue,NE,US
407,Elizabeth,Richardson,Richardson@reactual.tech,920670,4.97,1/19/2022,1,Fremont,NE,US
408,Jeffrey,Smith,Smith@reactual.tech,220516,4.97,2/12/2022,1,Norfolk,NE,US
409,William,Mahoney,Mahoney@reactual.tech,884890,4.97,1/10/2022,1,Wahoo,NE,US
410,Ronald,Smith,Smith@reactual.tech,385947,4.97,2/13/2022,1,Saginaw,MI,US
411,Brett,Drake,Drake@reactual.tech,400177,4.97,2/16/2022,1,Norwood,NJ,US
412,Marco,Stevens,Stevens@reactual.tech,204586,4.97,2/2/2022,1,Budd Lake,NJ,US
413,Cindy,Wright,Wright@reactual.tech,701618,4.97,2/10/2022,1,Auburn Hills,MI,US
414,Sabrina,Stewart,Stewart@reactual.tech,204321,4.97,1/23/2022,1,Belvidere,IL,US
415,Curtis,Sweeney,Sweeney@reactual.tech,698781,4.97,1/8/2022,1,Breese,IL,US
416,Joy,Woods,Woods@reactual.tech,790212,4.97,2/13/2022,1,Braidwood,IL,US
417,Randy,Flores,Flores@reactual.tech,505993,4.97,2/28/2022,1,Bolingbrook,IL,US
418,Colleen,Hendricks,Hendricks@reactual.tech,513664,4.97,1/13/2022,1,Bradley,IL,US
419,Michelle,Yang,Yang@reactual.tech,748128,4.97,1/8/2022,1,Bourbonnais,IL,US
420,Daniel,Moore,Moore@reactual.tech,958972,4.97,1/31/2022,1,Plainwell,MI,US
421,David,Arnold,Arnold@reactual.tech,262817,4.97,2/8/2022,1,Berwyn,IL,US
422,James,Beasley,Beasley@reactual.tech,950240,4.97,2/5/2022,1,Berwyn,IL,US
423,Breanna,Long,Long@reactual.tech,833252,4.97,2/16/2022,1,Belvidere,IL,US
424,Sean,Blackwell,Blackwell@reactual.tech,984284,4.97,1/4/2022,1,Belleville,IL,US
425,Pamela,Garrison,Garrison@reactual.tech,885827,4.98,1/21/2022,1,Aurora,IL,US
426,Nicole,Golden,Golden@reactual.tech,233446,4.98,2/27/2022,1,Aurora,IL,US
427,Jill,Young,Young@reactual.tech,249468,4.98,1/6/2022,1,Alpena,MI,US
428,Stefanie,Thomas,Thomas@reactual.tech,993094,4.98,1/14/2022,1,Alpena,MI,US
429,Brian,Anderson,Anderson@reactual.tech,886892,4.98,1/5/2022,1,Sulphur,LA,US
430,Nicholas,Lopez,Lopez@reactual.tech,441647,4.98,1/13/2022,1,Aledo,IL,US
431,Cristian,Wright,Wright@reactual.tech,573143,4.98,2/11/2022,1,Algonquin,IL,US
432,Daniel,Barr,Barr@reactual.tech,518187,4.98,2/10/2022,1,Algonquin,IL,US
433,Julia,Nelson,Nelson@reactual.tech,226613,4.98,1/6/2022,1,Conroe,TX,US
434,Blake,Evans,Evans@reactual.tech,598681,4.98,2/13/2022,1,Nampa,ID,US
435,Lori,Carlson,Carlson@reactual.tech,218440,4.98,1/4/2022,1,Baton Rouge,LA,US
436,Joe,Barnes,Barnes@reactual.tech,773558,4.98,1/2/2022,1,Eagle,ID,US
437,Joanna,York,York@reactual.tech,335668,4.98,1/16/2022,1,Emmett,ID,US
438,Amber,Wright,Wright@reactual.tech,516333,4.98,2/19/2022,1,Belle Vernon,PA,US
439,Danielle,Smith,Smith@reactual.tech,402914,4.98,1/31/2022,1,Aliquippa,PA,US
440,Mr.,John,John@reactual.tech,317332,4.98,1/5/2022,1,Wendell,NC,US
441,Thomas,Obrien,Obrien@reactual.tech,339556,4.98,1/27/2022,1,Lumberton,NC,US
442,Cory,Ortiz,Ortiz@reactual.tech,282676,4.98,1/30/2022,1,Lancaster,CA,US
443,Barbara,Jones,Jones@reactual.tech,920615,4.98,2/19/2022,1,Lancaster,CA,US
444,Jorge,Harris,Harris@reactual.tech,523731,4.98,2/14/2022,1,Paris,TX,US
445,Michael,Russell,Russell@reactual.tech,807656,4.98,1/8/2022,1,North Richland Hills,TX,US
446,Reginald,Myers,Myers@reactual.tech,855668,4.98,1/19/2022,1,Little Elm,TX,US
447,Susan,Price,Price@reactual.tech,622140,4.98,1/6/2022,1,Lubbock,TX,US
448,Ann,Powers,Powers@reactual.tech,667638,4.98,1/26/2022,1,Keller,TX,US
449,Raymond,Jones,Jones@reactual.tech,260808,4.98,2/13/2022,1,Hamilton,TX,US
450,Corey,Newman,Newman@reactual.tech,515931,4.98,1/10/2022,1,Gainesville,TX,US
451,Angel,Kelley,Kelley@reactual.tech,226850,4.98,1/2/2022,1,Eastland,TX,US
452,Sean,Cain,Cain@reactual.tech,232321,4.98,2/7/2022,1,Chaska,MN,US
453,Miranda,Waters,Waters@reactual.tech,609900,4.98,1/30/2022,1,Chaska,MN,US
454,Tammy,Krueger,Krueger@reactual.tech,452183,4.98,1/22/2022,1,Burnsville,MN,US
455,Stephanie,Ellis,Ellis@reactual.tech,443251,4.98,1/13/2022,1,Jackson,MS,US
456,Deanna,Baker,Baker@reactual.tech,682926,4.98,1/2/2022,1,Biloxi,MS,US
457,Nancy,Hunt,Hunt@reactual.tech,861228,4.98,2/22/2022,1,Biloxi,MS,US
458,Dale,Morrow,Morrow@reactual.tech,497306,4.98,2/7/2022,1,Charlotte,NC,US
459,Mr.,Peter,Peter@reactual.tech,349331,4.98,1/14/2022,1,Columbus,MS,US
460,Sandra,Sanders,Sanders@reactual.tech,805367,4.98,1/19/2022,1,High Point,NC,US
461,Edward,King,King@reactual.tech,212680,4.98,1/7/2022,1,Albert Lea,MN,US
462,Tiffany,Hudson,Hudson@reactual.tech,602585,4.98,2/13/2022,1,Raleigh,NC,US
463,Bradley,Wong,Wong@reactual.tech,785406,4.98,2/5/2022,1,Libby,MT,US
464,Sandra,Keller,Keller@reactual.tech,792285,4.98,2/14/2022,1,Libby,MT,US
465,Gregory,Hernandez,Hernandez@reactual.tech,878065,4.98,1/13/2022,1,Bellingham,WA,US
466,John,Peterson,Peterson@reactual.tech,232171,4.98,2/18/2022,1,Bellingham,WA,US
467,Maria,Brooks,Brooks@reactual.tech,337822,4.98,2/13/2022,1,Moss Point,MS,US
468,Samantha,Moore,Moore@reactual.tech,964764,4.98,2/25/2022,1,Lexington,NC,US
469,Glenn,Ayala,Ayala@reactual.tech,815208,4.98,1/27/2022,1,Kernersville,NC,US
470,Mary,Jones,Jones@reactual.tech,879341,4.98,2/17/2022,1,Bozeman,MT,US
471,Justin,Kim,Kim@reactual.tech,542644,4.98,2/13/2022,1,Bozeman,MT,US
472,Brent,Mcbride,Mcbride@reactual.tech,550536,4.98,2/2/2022,1,Conover,NC,US
473,Aaron,Bernard,Bernard@reactual.tech,996693,4.98,1/29/2022,1,Missoula,MT,US
474,Maria,Deleon,Deleon@reactual.tech,750701,4.98,2/11/2022,1,Cleveland,MS,US
475,Nathan,Richardson,Richardson@reactual.tech,214237,4.98,1/24/2022,1,Cleveland,MS,US
476,Louis,Curry,Curry@reactual.tech,696442,4.99,1/4/2022,1,Biloxi,MS,US
477,Kenneth,Lowery,Lowery@reactual.tech,950432,4.99,2/19/2022,1,Southaven,MS,US
478,Joshua,Elliott,Elliott@reactual.tech,533950,4.99,1/19/2022,1,Southaven,MS,US
479,Patricia,Neal,Neal@reactual.tech,304421,4.99,2/15/2022,1,Greensboro,NC,US
480,Samuel,Hamilton,Hamilton@reactual.tech,274914,4.99,2/14/2022,1,Scotland Neck,NC,US
481,Carmen,Kim,Kim@reactual.tech,810515,4.99,2/15/2022,1,Scotland Neck,NC,US
482,Ronald,Mayo,Mayo@reactual.tech,659412,4.99,2/21/2022,1,Fayetteville,NC,US
483,Monica,Williams,Williams@reactual.tech,423680,4.99,2/21/2022,1,Whitefish,MT,US
484,Travis,Obrien,Obrien@reactual.tech,651334,4.99,2/5/2022,1,Charlotte,NC,US
485,Vicki,Brooks,Brooks@reactual.tech,857073,4.99,1/19/2022,1,Charlotte,NC,US
486,Karen,Scott,Scott@reactual.tech,385029,4.99,2/28/2022,1,Salisbury,NC,US
487,John,Peters,Peters@reactual.tech,506668,4.99,2/25/2022,1,Greensboro,NC,US
488,Summer,Case,Case@reactual.tech,811094,4.99,2/6/2022,1,Charlotte,NC,US
489,April,Branch,Branch@reactual.tech,887171,4.99,2/20/2022,1,Charlotte,NC,US
490,Rebecca,Herman,Herman@reactual.tech,979074,4.99,2/21/2022,1,Milpitas,CA,US
491,Zachary,Rojas,Rojas@reactual.tech,480050,4.99,1/14/2022,1,Santa Maria,CA,US
492,Jennifer,Bailey,Bailey@reactual.tech,702251,4.99,1/24/2022,1,Sacramento,CA,US
493,Rhonda,Saunders,Saunders@reactual.tech,547031,4.99,1/5/2022,1,Brooklyn,NY,US
494,Angela,Collins,Collins@reactual.tech,444341,4.99,2/26/2022,1,Brooklyn,NY,US
495,Julie,Anderson,Anderson@reactual.tech,391487,4.99,2/18/2022,1,Lexington,NC,US
496,Bryan,Diaz,Diaz@reactual.tech,731696,4.99,2/25/2022,2,Lexington,NC,US
497,Mrs.,Melissa,Melissa@reactual.tech,769166,4.99,1/4/2022,2,Fairview Heights,IL,US
498,Barbara,Schultz,Schultz@reactual.tech,822134,4.99,1/9/2022,2,Park Hills,MO,US
499,Anthony,Richards,Richards@reactual.tech,884363,4.99,2/13/2022,2,Brooklyn,NY,US
500,Ethan,Montes,Montes@reactual.tech,259782,4.99,2/21/2022,2,Bronx,NY,US
501,Rebecca,Brown,Brown@reactual.tech,896274,4.99,2/19/2022,2,Bronx,NY,US
502,Craig,Dixon,Dixon@reactual.tech,733884,4.99,1/17/2022,2,Lexington,NC,US
503,Jessica,Williams,Williams@reactual.tech,353623,4.99,1/29/2022,2,Rockford,IL,US
504,Sandra,Wilkins,Wilkins@reactual.tech,870376,4.99,2/24/2022,2,West Monroe,LA,US
505,Jason,Walker,Walker@reactual.tech,737050,4.99,1/15/2022,2,Hartland,MI,US
506,Megan,Nelson,Nelson@reactual.tech,262757,4.99,2/28/2022,2,Rockford,IL,US
507,Jamie,Hudson,Hudson@reactual.tech,593897,4.99,1/26/2022,2,Quincy,IL,US
508,Kristen,Carrillo,Carrillo@reactual.tech,750365,4.99,2/25/2022,2,Richton Park,IL,US
509,Douglas,Rodriguez,Rodriguez@reactual.tech,487330,4.99,1/10/2022,2,Pontiac,IL,US
510,Michael,Larsen,Larsen@reactual.tech,947171,4.99,1/9/2022,2,Pontiac,IL,US
511,Andrea,Brown,Brown@reactual.tech,851819,4.99,1/24/2022,2,Newport News,VA,US
512,Tammy,Hubbard,Hubbard@reactual.tech,694641,4.99,1/12/2022,2,Pekin,IL,US
513,Michael,Guerrero,Guerrero@reactual.tech,963268,4.99,2/25/2022,2,Grove City,OH,US
514,Sharon,Glover,Glover@reactual.tech,552624,4.99,1/22/2022,2,Oglesby,IL,US
515,Susan,Morris,Morris@reactual.tech,920296,4.99,2/15/2022,2,Oglesby,IL,US
516,Brent,Kennedy,Kennedy@reactual.tech,459634,5.00,1/6/2022,2,Auburn,CA,US
517,Jay,Molina,Molina@reactual.tech,331534,5.00,1/27/2022,2,Crescent City,CA,US
518,Gregory,Hamilton,Hamilton@reactual.tech,407827,5.00,1/22/2022,2,Turlock,CA,US
519,Arthur,Jackson,Jackson@reactual.tech,863194,5.00,2/15/2022,2,Marquette,MI,US
520,Evan,Craig,Craig@reactual.tech,820513,5.00,1/27/2022,2,Turlock,CA,US
521,Jodi,Oconnor,Oconnor@reactual.tech,684811,5.00,2/14/2022,2,Salisbury,MD,US
522,John,Cooley,Cooley@reactual.tech,835605,5.00,1/10/2022,2,Hilliard,OH,US
523,Jimmy,Hawkins,Hawkins@reactual.tech,534752,5.00,1/13/2022,2,Linthicum Heights,MD,US
524,Daniel,Chapman,Chapman@reactual.tech,944170,5.00,2/1/2022,2,Hilliard,OH,US
525,Judy,Scott,Scott@reactual.tech,799115,5.00,2/7/2022,2,Mount Vernon,IL,US
526,Michael,Archer,Archer@reactual.tech,778618,5.00,1/17/2022,2,Cambridge,MD,US
527,Allison,Murphy,Murphy@reactual.tech,658765,5.00,1/16/2022,2,Hamilton,OH,US
528,Ronald,Hughes,Hughes@reactual.tech,572160,5.00,2/27/2022,2,Mount Carmel,IL,US
529,Adam,Johnson,Johnson@reactual.tech,222793,5.00,2/15/2022,2,Columbus,OH,US
530,Ashley,Higgins,Higgins@reactual.tech,314435,5.00,1/11/2022,2,Montgomery,IL,US
531,Jessica,Watson,Watson@reactual.tech,858394,5.00,2/10/2022,2,Montgomery,IL,US
532,Brian,Baker,Baker@reactual.tech,414797,5.00,1/28/2022,2,Monmouth,IL,US
533,Daniel,Rice,Rice@reactual.tech,885287,5.00,1/18/2022,2,Monmouth,IL,US
534,Angela,Sanchez,Sanchez@reactual.tech,574056,5.00,1/13/2022,2,Chalfont,PA,US
535,Adam,Welch,Welch@reactual.tech,278230,5.00,2/18/2022,2,Moline,IL,US
536,Kristy,Tucker,Tucker@reactual.tech,489624,5.00,1/27/2022,2,Melrose Park,IL,US
537,Jordan,Gardner,Gardner@reactual.tech,877073,5.00,1/6/2022,2,Dayton,OH,US
538,Sandra,Myers,Myers@reactual.tech,622515,5.00,1/21/2022,2,Dayton,OH,US
539,Kelly,Casey,Casey@reactual.tech,516004,5.00,1/29/2022,2,Dayton,OH,US
540,Christopher,Jones,Jones@reactual.tech,894526,5.00,1/4/2022,2,Orlando,FL,US
541,Austin,Pierce,Pierce@reactual.tech,540438,5.00,2/27/2022,2,Dayton,OH,US
542,Jamie,Bradford,Bradford@reactual.tech,329681,5.00,1/8/2022,2,East Peoria,IL,US
543,Walter,Blackwell,Blackwell@reactual.tech,482152,5.00,1/24/2022,2,East Peoria,IL,US
544,Shawn,Powell,Powell@reactual.tech,687769,5.00,1/17/2022,2,Columbus,OH,US
545,Robert,Rogers,Rogers@reactual.tech,324051,5.00,1/23/2022,2,Columbus,OH,US
546,Debra,Rollins,Rollins@reactual.tech,953971,5.00,1/29/2022,2,Columbus,OH,US
547,Kevin,Gonzalez,Gonzalez@reactual.tech,931189,5.00,2/10/2022,2,Machesney Park,IL,US
548,Allison,Randall,Randall@reactual.tech,954287,5.00,2/21/2022,2,Macomb,IL,US
549,Stephanie,Sawyer,Sawyer@reactual.tech,592566,5.00,2/24/2022,2,Saint Clair,PA,US
550,Damon,Robinson,Robinson@reactual.tech,681166,5.00,1/12/2022,2,Schuylkill Haven,PA,US
551,Shannon,Graves,Graves@reactual.tech,359653,5.00,2/27/2022,2,Bloomsburg,PA,US
552,Elizabeth,Bell,Bell@reactual.tech,569575,5.00,2/6/2022,2,Columbia,PA,US
553,Christopher,Garcia,Garcia@reactual.tech,545767,5.00,2/10/2022,2,Denver,PA,US
554,Donna,Daniels,Daniels@reactual.tech,305080,5.00,2/13/2022,2,Kankakee,IL,US
555,Christopher,Roberts,Roberts@reactual.tech,541139,5.00,1/29/2022,2,Joliet,IL,US
556,Steven,Greene,Greene@reactual.tech,429566,5.00,1/21/2022,2,Ames,IA,US
557,Robert,Chambers,Chambers@reactual.tech,590068,5.00,1/19/2022,2,Gurnee,IL,US
558,Andrew,Alvarado,Alvarado@reactual.tech,606359,5.00,1/5/2022,2,Glenview,IL,US
559,Mike,Baker,Baker@reactual.tech,369755,5.00,2/25/2022,2,Granite City,IL,US
560,Erica,Kane,Kane@reactual.tech,796905,5.00,2/25/2022,2,Cicero,IL,US
561,Elizabeth,Quinn,Quinn@reactual.tech,718420,5.00,2/16/2022,2,Orlando,FL,US
562,Brian,Lee,Lee@reactual.tech,580207,5.00,2/13/2022,2,Orlando,FL,US
563,Jacob,Wilson,Wilson@reactual.tech,909078,5.00,2/17/2022,2,Orlando,FL,US
564,John,Maynard,Maynard@reactual.tech,521079,5.00,1/4/2022,2,Chicago,IL,US
565,Samantha,Maxwell,Maxwell@reactual.tech,693021,5.00,1/2/2022,2,Miami,FL,US
566,Chad,Myers,Myers@reactual.tech,883388,5.00,1/31/2022,2,Miami,FL,US
567,Lauren,Ramirez,Ramirez@reactual.tech,594489,5.00,2/22/2022,2,DeKalb,IL,US
568,Phillip,Miller,Miller@reactual.tech,621863,5.00,2/13/2022,2,Philadelphia,PA,US
569,Lisa,Walker,Walker@reactual.tech,488436,5.00,1/15/2022,2,Hyde Park,MA,US
570,Jennifer,Woods,Woods@reactual.tech,515362,5.00,2/21/2022,2,Cambridge,MA,US
571,Bethany,Davis,Davis@reactual.tech,212558,5.00,2/28/2022,2,Maynard,MA,US
572,Melody,Preston,Preston@reactual.tech,482603,5.00,2/10/2022,2,Thibodaux,LA,US
573,John,Johnson,Johnson@reactual.tech,341072,5.00,1/19/2022,2,Los Angeles,CA,US
574,Mark,Fuller,Fuller@reactual.tech,417957,5.00,1/29/2022,2,Canyon Country,CA,US
575,Angela,Patel,Patel@reactual.tech,981893,5.00,1/26/2022,2,Woodstock,GA,US
576,Kim,Luna,Luna@reactual.tech,681876,5.00,2/13/2022,2,Layton,UT,US
577,Melissa,Ramirez,Ramirez@reactual.tech,864210,5.00,1/30/2022,2,Manhattan Beach,CA,US
578,Sheryl,Brown,Brown@reactual.tech,972516,5.00,1/22/2022,2,Merced,CA,US
579,Matthew,Davis,Davis@reactual.tech,985699,5.00,2/21/2022,2,Bridgeview,IL,US
580,Kimberly,Daugherty,Daugherty@reactual.tech,299087,5.00,2/13/2022,2,Los Angeles,CA,US
581,Donna,Smith,Smith@reactual.tech,226063,5.00,2/17/2022,2,Modesto,CA,US
582,Vanessa,Ellison,Ellison@reactual.tech,492959,5.00,2/17/2022,2,Carson,CA,US
583,Brittany,Ayers,Ayers@reactual.tech,957029,5.00,1/18/2022,2,Dinuba,CA,US
584,Sarah,Donaldson,Donaldson@reactual.tech,761623,5.00,2/4/2022,2,Palo Alto,CA,US
585,Chad,Aguilar,Aguilar@reactual.tech,551652,5.00,2/23/2022,2,Sacramento,CA,US
586,Heather,Foster,Foster@reactual.tech,757788,5.00,2/15/2022,2,West Sacramento,CA,US
587,Brenda,Anderson,Anderson@reactual.tech,793515,5.00,1/3/2022,2,Vallejo,CA,US
588,Lisa,Figueroa,Figueroa@reactual.tech,558177,5.00,2/7/2022,2,Glendale,CA,US
589,Rebecca,Fitzpatrick,Fitzpatrick@reactual.tech,697521,5.00,1/3/2022,2,Chino Hills,CA,US
590,Ann,Mejia,Mejia@reactual.tech,993521,5.00,2/27/2022,2,Hercules,CA,US
591,Kyle,Walker,Walker@reactual.tech,779146,5.00,1/9/2022,2,Alhambra,CA,US
592,Bradley,Jones,Jones@reactual.tech,624930,5.00,1/29/2022,2,Santa Ana,CA,US
593,Hannah,Lopez,Lopez@reactual.tech,961646,5.00,2/8/2022,2,Seaside,CA,US
594,Douglas,Garcia,Garcia@reactual.tech,716638,5.00,1/26/2022,2,Seaside,CA,US
595,Madison,Bryant,Bryant@reactual.tech,316437,5.00,1/21/2022,2,Daly City,CA,US
596,Gary,Long,Long@reactual.tech,518266,5.00,2/26/2022,2,Woodland,CA,US
597,Dana,Smith,Smith@reactual.tech,329128,5.00,1/17/2022,2,Watsonville,CA,US
598,Lori,Wright,Wright@reactual.tech,860619,5.00,2/24/2022,2,Birmingham,AL,US
599,Susan,Johns,Johns@reactual.tech,823106,5.00,2/14/2022,2,Martinsburg,WV,US
600,Michael,Reyes,Reyes@reactual.tech,219764,5.00,2/14/2022,2,Beckley,WV,US
601,Kimberly,Martin,Martin@reactual.tech,517570,5.00,2/2/2022,2,Yorktown,VA,US
602,Kara,Hill,Hill@reactual.tech,459182,5.00,2/21/2022,2,Williamsburg,VA,US
603,Mary,Ayers,Ayers@reactual.tech,323179,5.00,1/1/2022,2,Virginia Beach,VA,US
604,Elizabeth,Herrera,Herrera@reactual.tech,376214,5.00,1/22/2022,2,Roanoke,VA,US
605,Regina,Wheeler,Wheeler@reactual.tech,974314,5.00,1/3/2022,2,Roanoke,VA,US
606,Andrew,Burgess,Burgess@reactual.tech,826385,5.00,2/10/2022,2,Roanoke,VA,US
607,Nichole,Jenkins,Jenkins@reactual.tech,763203,5.00,1/30/2022,2,Henrico,VA,US
608,Carla,Herman,Herman@reactual.tech,559451,5.00,2/11/2022,2,Azusa,CA,US
609,Dustin,Hawkins,Hawkins@reactual.tech,690981,5.00,2/13/2022,2,Baldwin Park,CA,US
610,Lisa,Reed,Reed@reactual.tech,268765,5.00,1/10/2022,2,Barstow,CA,US
611,Michael,Smith,Smith@reactual.tech,810044,5.00,2/8/2022,2,Auburn,CA,US
612,Gabriella,Colon,Colon@reactual.tech,337838,5.00,2/14/2022,2,Norfolk,VA,US
613,Jessica,Reed,Reed@reactual.tech,239069,5.00,1/15/2022,2,Lynchburg,VA,US
614,Kathy,Stewart,Stewart@reactual.tech,284222,5.00,1/7/2022,2,Hampton,VA,US
615,Jessica,Ramsey,Ramsey@reactual.tech,837505,5.00,1/10/2022,2,Fredericksburg,VA,US
616,Patrick,Zavala,Zavala@reactual.tech,383229,5.00,1/12/2022,2,Danville,VA,US
617,Kevin,Cordova,Cordova@reactual.tech,793600,5.00,2/20/2022,2,Chantilly,VA,US
618,Heather,Castro,Castro@reactual.tech,946906,5.00,2/13/2022,2,Charlottesville,VA,US
619,Lauren,Potter,Potter@reactual.tech,584823,5.00,1/24/2022,2,Charlottesville,VA,US
620,Heidi,Conrad,Conrad@reactual.tech,494320,5.00,1/11/2022,2,Salt Lake City,UT,US
621,Stephanie,Weber,Weber@reactual.tech,500136,5.00,1/13/2022,2,Wilburton,OK,US
622,Benjamin,Johns,Johns@reactual.tech,346862,5.00,1/28/2022,2,Checotah,OK,US
623,Dawn,Nguyen,Nguyen@reactual.tech,370829,5.00,2/9/2022,2,Owasso,OK,US
624,Laura,Smith,Smith@reactual.tech,699283,5.00,2/1/2022,2,Healdton,OK,US
625,Jason,Davidson,Davidson@reactual.tech,353728,5.00,2/19/2022,2,Tallmadge,OH,US
626,Elizabeth,James,James@reactual.tech,947751,5.00,2/13/2022,2,Grove City,OH,US
627,Nicholas,Johnson,Johnson@reactual.tech,573391,5.00,2/5/2022,2,Youngstown,OH,US
628,Robert,Avila,Avila@reactual.tech,907645,5.00,2/12/2022,2,Hazel Park,MI,US
629,Rhonda,Washington,Washington@reactual.tech,596672,5.00,1/19/2022,2,Detroit,MI,US
630,Jordan,Evans,Evans@reactual.tech,545486,5.00,1/10/2022,2,Cuyahoga Falls,OH,US
631,Amy,Wu,Wu@reactual.tech,934495,5.00,1/19/2022,2,Canton,OH,US
632,Amanda,Jennings,Jennings@reactual.tech,713372,5.00,2/16/2022,2,Mount Pleasant,MI,US
633,Beth,Snyder,Snyder@reactual.tech,905200,5.00,1/30/2022,2,Phoenix,AZ,US
634,Richard,Salazar,Salazar@reactual.tech,755141,5.00,2/13/2022,2,College Park,MD,US
635,Eric,Thompson,Thompson@reactual.tech,727138,5.00,2/28/2022,2,College Park,MD,US
636,Rachel,Montgomery,Montgomery@reactual.tech,708194,5.00,2/19/2022,2,Phoenix,AZ,US
637,Lisa,Morris,Morris@reactual.tech,523537,5.00,1/2/2022,2,Phoenix,AZ,US
638,Nicholas,Anthony,Anthony@reactual.tech,823040,5.00,1/11/2022,2,Chandler,AZ,US
639,Mercedes,Jones,Jones@reactual.tech,920961,5.00,1/21/2022,2,Avondale,AZ,US
640,Paula,Beltran,Beltran@reactual.tech,846174,5.00,1/7/2022,2,La Grange,TX,US
641,Scott,Christian,Christian@reactual.tech,817024,5.00,1/18/2022,2,Connersville,IN,US
642,Henry,Taylor,Taylor@reactual.tech,655450,5.00,1/5/2022,2,Flint,MI,US
643,Dalton,Robinson,Robinson@reactual.tech,609349,5.00,1/17/2022,2,San Diego,TX,US
644,Gary,Williams,Williams@reactual.tech,807628,5.00,2/22/2022,2,Freeport,IL,US
645,Mark,Lee,Lee@reactual.tech,854301,5.00,1/27/2022,2,Cadillac,MI,US
646,Francisco,Yoder,Yoder@reactual.tech,674856,5.00,2/27/2022,2,Grand Rapids,MI,US
647,Chase,Rosales,Rosales@reactual.tech,511486,5.00,1/9/2022,2,Wyoming,MI,US
648,William,Hawkins,Hawkins@reactual.tech,742477,5.00,2/25/2022,2,Grand Rapids,MI,US
649,Krystal,Costa,Costa@reactual.tech,991805,5.00,1/9/2022,2,Grand Rapids,MI,US
650,Angela,Fisher,Fisher@reactual.tech,659282,5.00,1/29/2022,2,Grandville,MI,US
651,Jordan,Perkins,Perkins@reactual.tech,338671,5.00,2/13/2022,2,Holland,MI,US
652,Bryan,Lopez,Lopez@reactual.tech,630170,5.00,2/16/2022,2,Haines City,FL,US
653,Connor,Mcdaniel,Mcdaniel@reactual.tech,422133,5.00,2/9/2022,2,Hillsdale,MI,US
654,Sally,Tucker,Tucker@reactual.tech,289719,5.00,2/13/2022,2,Lowell,MI,US
655,Mr.,Scott,Scott@reactual.tech,214928,5.00,1/27/2022,2,Jackson,MI,US
656,Wendy,Lee,Lee@reactual.tech,375347,5.00,1/6/2022,2,Plainwell,MI,US
657,Russell,Berry,Berry@reactual.tech,261111,5.00,1/2/2022,2,Plainwell,MI,US
658,Melissa,Ford,Ford@reactual.tech,325181,5.00,2/20/2022,2,Marshall,MI,US
659,Courtney,Aguilar,Aguilar@reactual.tech,367782,5.00,2/24/2022,2,Portage,MI,US
660,Alexis,Willis,Willis@reactual.tech,265430,5.00,2/17/2022,2,Kalamazoo,MI,US
661,Becky,Cabrera,Cabrera@reactual.tech,786660,5.00,2/7/2022,2,Lansing,MI,US
662,Michael,Walters,Walters@reactual.tech,744500,5.00,1/18/2022,2,Saint Johns,MI,US
663,Diane,Miller,Miller@reactual.tech,355812,5.00,1/4/2022,2,Bridgeport,MI,US
664,Angela,Thompson,Thompson@reactual.tech,548383,5.00,1/1/2022,2,Midland,MI,US
665,Tonya,Kennedy,Kennedy@reactual.tech,305870,5.00,1/28/2022,2,West Branch,MI,US
666,Angela,Morton,Morton@reactual.tech,438465,5.00,2/19/2022,2,Belle Glade,FL,US
667,Zachary,Walker,Walker@reactual.tech,375389,5.00,1/5/2022,2,Clare,MI,US
668,Emily,Durham,Durham@reactual.tech,445881,5.00,1/17/2022,2,Houghton Lake,MI,US
669,Henry,Grant,Grant@reactual.tech,614941,5.00,1/19/2022,2,Lapeer,MI,US
670,Aaron,Morgan,Morgan@reactual.tech,505467,5.00,1/23/2022,2,Davison,MI,US
671,Kimberly,Smith,Smith@reactual.tech,289794,5.00,1/15/2022,2,Grand Blanc,MI,US
672,Dustin,Thomas,Thomas@reactual.tech,899198,5.00,2/24/2022,2,Manchester,NH,US
673,Timothy,Cuevas,Cuevas@reactual.tech,929952,5.00,1/12/2022,2,Wichita,KS,US
674,Ryan,Price,Price@reactual.tech,698310,5.00,1/31/2022,2,Effingham,IL,US
675,Isaac,Evans,Evans@reactual.tech,949681,5.00,1/16/2022,2,Boise,ID,US
676,Brittany,Morris,Morris@reactual.tech,952121,5.00,2/5/2022,2,Effingham,IL,US
677,Mary,Bell,Bell@reactual.tech,904686,5.00,1/7/2022,2,Olmsted Falls,OH,US
678,Zachary,Moore,Moore@reactual.tech,889426,5.00,2/7/2022,2,Pinole,CA,US
679,Kathryn,Sherman,Sherman@reactual.tech,324636,5.00,2/18/2022,2,Canton,OH,US
680,Martha,Stokes,Stokes@reactual.tech,907246,5.00,1/31/2022,2,Canton,OH,US
681,David,Shepard,Shepard@reactual.tech,315045,5.00,1/2/2022,2,Norfolk,VA,US
682,Brad,Mcbride,Mcbride@reactual.tech,566215,5.00,2/22/2022,2,Antioch,CA,US
683,Melanie,Johnston,Johnston@reactual.tech,741366,5.00,1/22/2022,2,West Covina,CA,US
684,Raymond,Herrera,Herrera@reactual.tech,649046,5.00,2/4/2022,2,Dallas,GA,US
685,Leslie,Mcgee,Mcgee@reactual.tech,577826,5.00,1/19/2022,2,Fresno,CA,US
686,Patricia,Gibbs,Gibbs@reactual.tech,537793,5.00,2/11/2022,2,Fullerton,CA,US
687,Shawn,Lewis,Lewis@reactual.tech,724830,5.00,1/18/2022,2,Sacramento,CA,US
688,Vickie,Berger,Berger@reactual.tech,809116,5.00,2/13/2022,2,Blue Ridge,GA,US
689,Jonathan,Morris,Morris@reactual.tech,684960,5.00,2/1/2022,2,Blue Ridge,GA,US
690,William,Lambert,Lambert@reactual.tech,228964,5.00,1/18/2022,2,Corona,CA,US
691,Daniel,Gray,Gray@reactual.tech,364409,5.00,1/1/2022,2,Fresno,CA,US
692,Maria,Lin,Lin@reactual.tech,956051,5.00,1/27/2022,2,Woodland Hills,CA,US
693,Stephen,Clark,Clark@reactual.tech,572570,5.00,2/2/2022,2,Ontario,CA,US
694,Gregory,Anderson,Anderson@reactual.tech,756728,5.00,1/27/2022,2,Sunnyvale,CA,US
695,Jennifer,Hernandez,Hernandez@reactual.tech,377986,5.00,2/18/2022,2,Carson,CA,US
696,Nicholas,Gibbs,Gibbs@reactual.tech,324425,5.00,1/8/2022,2,Fairfield,CA,US
697,Tracey,Brewer,Brewer@reactual.tech,807475,5.00,1/13/2022,2,Pleasant Hill,CA,US
698,Jesse,Sullivan,Sullivan@reactual.tech,429220,5.00,2/18/2022,2,Pleasant Hill,CA,US
699,Amanda,Thornton,Thornton@reactual.tech,522600,5.00,1/23/2022,2,Altadena,CA,US
700,Jessica,Russell,Russell@reactual.tech,354391,5.00,2/14/2022,2,Acworth,GA,US
701,Mariah,Scott,Scott@reactual.tech,362083,5.00,2/12/2022,2,Acworth,GA,US
702,Joseph,Wells,Wells@reactual.tech,576464,5.00,2/20/2022,2,Bronx,NY,US
703,Lisa,Castillo,Castillo@reactual.tech,301109,5.00,2/19/2022,2,Bronx,NY,US
704,Vincent,Baker,Baker@reactual.tech,495430,5.00,2/14/2022,2,Marietta,GA,US
705,Kristina,Williams,Williams@reactual.tech,961864,5.00,1/6/2022,2,Bakersfield,CA,US
706,Eric,Hines,Hines@reactual.tech,916869,5.00,2/8/2022,2,Bronx,NY,US
707,Francisco,Huerta,Huerta@reactual.tech,440080,5.00,2/12/2022,2,Astoria,NY,US
708,Sherry,Howard,Howard@reactual.tech,534829,5.00,2/25/2022,2,Kingsburg,CA,US
709,William,Fisher,Fisher@reactual.tech,627891,5.00,2/28/2022,2,Fort Scott,KS,US
710,Christopher,Harvey,Harvey@reactual.tech,582948,5.00,1/31/2022,2,Pismo Beach,CA,US
711,Brandi,Rogers,Rogers@reactual.tech,564907,5.00,2/7/2022,2,Grover Beach,CA,US
712,Tiffany,Sparks,Sparks@reactual.tech,543487,5.00,2/2/2022,2,Nipomo,CA,US
713,Timothy,Rivera,Rivera@reactual.tech,600218,5.00,2/27/2022,2,Bakersfield,CA,US
714,Robert,Williams,Williams@reactual.tech,674235,5.00,1/7/2022,2,Bakersfield,CA,US
715,Robert,Hess,Hess@reactual.tech,473946,5.00,2/23/2022,2,Dodge City,KS,US
716,Jeffrey,Rubio,Rubio@reactual.tech,988685,5.00,2/9/2022,2,Dodge City,KS,US
717,Nicholas,Martinez,Martinez@reactual.tech,416146,5.00,2/5/2022,2,Bakersfield,CA,US
718,Fred,Allen,Allen@reactual.tech,374925,5.00,1/26/2022,2,Tulare,CA,US
719,Mrs.,Kathryn,Kathryn@reactual.tech,214222,5.00,1/1/2022,2,Tulare,CA,US
720,Natalie,Solis,Solis@reactual.tech,245480,5.00,2/24/2022,2,Gainesville,FL,US
721,Michael,Walker,Walker@reactual.tech,330691,5.00,2/27/2022,2,Oak Ridge,TN,US
722,Christina,Lawrence,Lawrence@reactual.tech,868310,5.00,1/22/2022,2,Nashville,TN,US
723,James,Francis,Francis@reactual.tech,987058,5.00,2/6/2022,2,Nashville,TN,US
724,Allison,Robbins,Robbins@reactual.tech,645425,5.00,2/18/2022,2,Knoxville,TN,US
725,Christina,Stein,Stein@reactual.tech,504888,5.00,2/12/2022,2,Chattanooga,TN,US
726,Mitchell,Robinson,Robinson@reactual.tech,299577,5.00,2/4/2022,2,Chattanooga,TN,US
727,David,Butler,Butler@reactual.tech,362748,5.00,2/28/2022,2,Chattanooga,TN,US
728,Christopher,Choi,Choi@reactual.tech,933343,5.00,2/28/2022,2,Coffeyville,KS,US
729,Maureen,Kennedy,Kennedy@reactual.tech,850797,5.00,2/10/2022,2,North Augusta,SC,US
730,Tyler,Bradley,Bradley@reactual.tech,483098,5.00,1/29/2022,2,Ridgeland,MS,US
731,James,Harrell,Harrell@reactual.tech,959184,5.00,2/12/2022,2,Roswell,GA,US
732,Travis,Beard,Beard@reactual.tech,559905,5.00,2/15/2022,2,Rome,GA,US
733,Travis,Williams,Williams@reactual.tech,910408,5.00,2/6/2022,2,Rome,GA,US
734,Dustin,Gonzalez,Gonzalez@reactual.tech,719862,5.00,2/13/2022,2,Perry,GA,US
735,Dr.,Traci,Traci@reactual.tech,440127,5.00,1/23/2022,2,Pooler,GA,US
736,Jorge,Berry,Berry@reactual.tech,819812,5.00,1/17/2022,2,Marietta,GA,US
737,Cody,Cordova,Cordova@reactual.tech,458878,5.00,1/29/2022,2,Marietta,GA,US
738,Cynthia,Chang,Chang@reactual.tech,385220,5.00,1/10/2022,2,Coeur d'Alene,ID,US
739,Dylan,Nunez,Nunez@reactual.tech,814587,5.00,1/9/2022,2,Coeur d'Alene,ID,US
740,Mandy,Hammond,Hammond@reactual.tech,252398,5.00,2/13/2022,2,Spring Grove,PA,US
741,Sydney,Chavez,Chavez@reactual.tech,660851,5.00,2/13/2022,2,Waynesboro,PA,US
742,Brandy,Boone,Boone@reactual.tech,266665,5.00,1/13/2022,2,Snow Shoe,PA,US
743,Jordan,Bowman,Bowman@reactual.tech,969568,5.00,1/12/2022,2,Mansfield,PA,US
744,Matthew,Mitchell,Mitchell@reactual.tech,553508,5.00,2/10/2022,2,Camp Hill,PA,US
745,William,Banks,Banks@reactual.tech,971871,5.00,2/8/2022,2,Roaring Spring,PA,US
746,Michael,Jackson,Jackson@reactual.tech,575888,5.00,1/15/2022,2,Erie,PA,US
747,Philip,Edwards,Edwards@reactual.tech,544206,5.00,1/24/2022,2,Erie,PA,US
748,Jeremy,Snyder,Snyder@reactual.tech,504529,5.00,2/18/2022,2,Erie,PA,US
749,Mark,Bailey,Bailey@reactual.tech,965182,5.00,2/2/2022,2,Titusville,PA,US
750,Travis,Reed,Reed@reactual.tech,328880,5.00,2/5/2022,2,White City,OR,US
751,Todd,Patrick,Patrick@reactual.tech,854115,5.00,2/5/2022,2,West Linn,OR,US
752,Oscar,Shaffer,Shaffer@reactual.tech,706503,5.00,2/9/2022,3,West Linn,OR,US
753,Abigail,Perkins,Perkins@reactual.tech,877504,5.00,1/15/2022,3,West Linn,OR,US
754,Joann,Carter,Carter@reactual.tech,382390,5.00,1/3/2022,3,Troutdale,OR,US
755,Mark,Ellis,Ellis@reactual.tech,400536,5.00,1/16/2022,3,Hialeah,FL,US
756,Maria,Gray,Gray@reactual.tech,814247,5.00,2/13/2022,3,Appleton,WI,US
757,Ryan,Lutz,Lutz@reactual.tech,305635,5.00,1/19/2022,3,Bear,DE,US
758,Barbara,Molina,Molina@reactual.tech,834571,5.00,2/15/2022,3,Bear,DE,US
759,Alfred,Carlson,Carlson@reactual.tech,549667,5.00,2/17/2022,3,Springfield,OR,US
760,Casey,Allen,Allen@reactual.tech,297479,5.00,2/21/2022,3,Camden,NJ,US
761,Kimberly,Aguirre,Aguirre@reactual.tech,349032,5.00,2/28/2022,3,Salem,OR,US
762,Joshua,Wood,Wood@reactual.tech,342193,5.00,2/17/2022,3,Salem,OR,US
763,Alyssa,Morris,Morris@reactual.tech,443331,5.00,1/28/2022,3,Salem,OR,US
764,Melissa,Edwards,Edwards@reactual.tech,712948,5.00,2/13/2022,3,Gainesville,FL,US
765,Darlene,Morris,Morris@reactual.tech,581778,5.00,2/28/2022,3,Salem,OR,US
766,Maureen,Kelly,Kelly@reactual.tech,576308,5.00,1/31/2022,3,Milton,FL,US
767,Vickie,Ward,Ward@reactual.tech,302909,5.00,1/6/2022,3,Bridgeville,PA,US
768,Brittany,Wilson,Wilson@reactual.tech,853603,5.00,2/21/2022,3,Canonsburg,PA,US
769,Latoya,Watson,Watson@reactual.tech,550655,5.00,2/12/2022,3,Hinesville,GA,US
770,Kristy,Warner,Warner@reactual.tech,732807,5.00,1/7/2022,3,Hinesville,GA,US
771,Jennifer,Holt,Holt@reactual.tech,214279,5.00,1/24/2022,3,Navarre,FL,US
772,Ryan,Hancock,Hancock@reactual.tech,747889,5.00,1/11/2022,3,Gainesville,GA,US
773,Lisa,Terry,Terry@reactual.tech,434305,5.00,1/4/2022,3,Roseburg,OR,US
774,Travis,Huff,Huff@reactual.tech,333828,5.00,2/17/2022,3,Hartwell,GA,US
775,Daniel,Thomas,Thomas@reactual.tech,432243,5.00,2/17/2022,3,Hawkinsville,GA,US
776,Patrick,Hill,Hill@reactual.tech,714252,5.00,2/22/2022,3,Redmond,OR,US
777,Matthew,Johnson,Johnson@reactual.tech,661731,5.00,2/25/2022,3,Portland,OR,US
778,Alyssa,Moore,Moore@reactual.tech,700514,5.00,2/18/2022,3,Portland,OR,US
779,Cory,Rios,Rios@reactual.tech,818739,5.00,1/11/2022,3,Portland,OR,US
780,Shelly,Whitaker,Whitaker@reactual.tech,733006,5.00,2/8/2022,3,Gainesville,GA,US
781,Nancy,Adams,Adams@reactual.tech,876706,5.00,2/25/2022,3,Portland,OR,US
782,Jesse,Smith,Smith@reactual.tech,847131,5.00,1/27/2022,3,Flowery Branch,GA,US
783,Amanda,Charles,Charles@reactual.tech,429879,5.00,2/25/2022,3,Portland,OR,US
784,Kristopher,Stewart,Stewart@reactual.tech,479709,5.00,2/13/2022,3,Fitzgerald,GA,US
785,Kathryn,Thompson,Thompson@reactual.tech,247909,5.00,2/11/2022,3,Elberton,GA,US
786,John,Cunningham,Cunningham@reactual.tech,541115,5.00,1/6/2022,3,Portland,OR,US
787,Veronica,Miller,Miller@reactual.tech,692695,5.00,1/24/2022,3,Portland,OR,US
788,Kevin,Middleton,Middleton@reactual.tech,271264,5.00,1/19/2022,3,Portland,OR,US
789,Lauren,Russell,Russell@reactual.tech,562900,5.00,1/9/2022,3,Portland,OR,US
790,John,Robinson,Robinson@reactual.tech,693137,5.00,1/29/2022,3,Atlanta,GA,US
791,Michael,Suarez,Suarez@reactual.tech,263177,5.00,1/2/2022,3,Portland,OR,US
792,Michele,Warren,Warren@reactual.tech,707950,5.00,2/15/2022,3,Portland,OR,US
793,Steven,Petersen,Petersen@reactual.tech,407322,5.00,2/13/2022,3,Portland,OR,US
794,Elizabeth,Hart,Hart@reactual.tech,285787,5.00,1/21/2022,3,Douglasville,GA,US
795,David,Mcknight,Mcknight@reactual.tech,533038,5.00,2/11/2022,3,Ellijay,GA,US
796,Angela,Chandler,Chandler@reactual.tech,351668,5.00,1/23/2022,3,Oregon City,OR,US
797,Kristine,Lopez,Lopez@reactual.tech,619006,5.00,2/10/2022,3,Pendleton,OR,US
798,Edward,Hayden,Hayden@reactual.tech,919043,5.00,2/23/2022,3,Decatur,GA,US
799,Katie,Reyes,Reyes@reactual.tech,253392,5.00,2/24/2022,3,Douglasville,GA,US
800,Michelle,Wagner,Wagner@reactual.tech,362660,5.00,2/10/2022,3,Oregon City,OR,US
801,Stacey,Cooley,Cooley@reactual.tech,519941,5.00,1/16/2022,3,Ontario,OR,US
802,Emily,Rodgers,Rodgers@reactual.tech,745204,5.00,1/19/2022,3,Ontario,OR,US
803,Luis,Holmes,Holmes@reactual.tech,269296,5.00,2/21/2022,3,Winter Springs,FL,US
804,Robert,Wise,Wise@reactual.tech,224057,5.00,1/29/2022,3,Oakridge,OR,US
805,Samantha,Lewis,Lewis@reactual.tech,767326,5.00,1/1/2022,3,Newport,OR,US
806,Jenny,Trevino,Trevino@reactual.tech,285483,5.00,2/13/2022,3,Dalton,GA,US
807,Wanda,Walters,Walters@reactual.tech,909935,5.00,1/8/2022,3,Dalton,GA,US
808,Yolanda,Wagner,Wagner@reactual.tech,715584,5.00,2/22/2022,3,Dallas,GA,US
809,Jennifer,Farrell,Farrell@reactual.tech,428238,5.00,1/24/2022,3,Medford,OR,US
810,Kevin,Evans,Evans@reactual.tech,565031,5.00,2/7/2022,3,Fredericksburg,VA,US
811,Rachel,Bautista,Bautista@reactual.tech,754955,5.00,2/24/2022,3,Cumming,GA,US
812,Michael,Bell,Bell@reactual.tech,754807,5.00,2/17/2022,3,Temple,TX,US
813,Rachel,Harper,Harper@reactual.tech,670705,5.00,2/4/2022,3,Medford,OR,US
814,Patricia,Powers,Powers@reactual.tech,372633,5.00,2/13/2022,3,Long Beach,WA,US
815,Victoria,Black,Black@reactual.tech,298275,5.00,2/1/2022,3,Covington,GA,US
816,Kenneth,Waters,Waters@reactual.tech,406358,5.00,2/10/2022,3,Nashville,NC,US
817,Pamela,Dalton,Dalton@reactual.tech,477265,5.00,2/6/2022,3,Newton,NC,US
818,Robert,Mcguire,Mcguire@reactual.tech,645918,5.00,1/28/2022,3,Conyers,GA,US
819,Lucas,Weaver,Weaver@reactual.tech,656474,5.00,2/11/2022,3,Conyers,GA,US
820,Stephanie,Johnson,Johnson@reactual.tech,866559,5.00,2/23/2022,3,Mount Airy,NC,US
821,Nancy,Navarro,Navarro@reactual.tech,625371,5.00,1/11/2022,3,Mooresville,NC,US
822,Nicholas,Rivera,Rivera@reactual.tech,802382,5.00,1/15/2022,3,Morganton,NC,US
823,Eric,Hall,Hall@reactual.tech,319608,5.00,2/13/2022,3,Columbus,GA,US
824,Edward,Cox,Cox@reactual.tech,362934,5.00,1/8/2022,3,Columbus,GA,US
825,Patrick,Howell,Howell@reactual.tech,842287,5.00,1/10/2022,3,Kinston,NC,US
826,Margaret,Long,Long@reactual.tech,281126,5.00,1/7/2022,3,Cartersville,GA,US
827,Ernest,Dixon,Dixon@reactual.tech,818142,5.00,2/7/2022,3,Carrollton,GA,US
828,Jonathan,Fox,Fox@reactual.tech,265121,5.00,1/29/2022,3,Carrollton,GA,US
829,Christopher,Medina,Medina@reactual.tech,730389,5.00,1/1/2022,3,Destin,FL,US
830,Melissa,Navarro,Navarro@reactual.tech,229686,5.00,1/5/2022,3,Jackson,MS,US
831,Nicole,Washington,Washington@reactual.tech,680418,5.00,2/13/2022,3,Snow Hill,NC,US
832,Taylor,Guerra,Guerra@reactual.tech,685718,5.00,2/15/2022,3,Crestview,FL,US
833,Christopher,Wagner,Wagner@reactual.tech,972088,5.00,1/22/2022,3,Santa Ana,CA,US
834,Amy,Gutierrez,Gutierrez@reactual.tech,764897,5.00,2/13/2022,3,Santa Ana,CA,US
835,Blake,Price,Price@reactual.tech,580879,5.00,2/25/2022,3,Santa Ana,CA,US
836,Albert,Rose,Rose@reactual.tech,256636,5.00,2/26/2022,3,Raleigh,NC,US
837,Dr.,Zachary,Zachary@reactual.tech,261849,5.00,2/6/2022,3,Livingston,MT,US
838,Kristen,Diaz,Diaz@reactual.tech,556245,5.00,2/5/2022,3,Deer Lodge,MT,US
839,Ashley,Short,Short@reactual.tech,330061,5.00,1/15/2022,3,Deer Lodge,MT,US
840,Eric,Woodward,Woodward@reactual.tech,598563,5.00,1/3/2022,3,Deer Lodge,MT,US
841,Danielle,Johnson,Johnson@reactual.tech,976075,5.00,2/20/2022,3,Elizabeth City,NC,US
842,Scott,Moody,Moody@reactual.tech,424710,5.00,2/13/2022,3,Mooresville,NC,US
843,Brittany,Jones,Jones@reactual.tech,333123,5.00,1/18/2022,3,Clermont,FL,US
844,Jordan,Blair,Blair@reactual.tech,258171,5.00,2/10/2022,3,Smithfield,NC,US
845,Christina,Velazquez,Velazquez@reactual.tech,779915,5.00,1/11/2022,3,Charlotte,NC,US
846,Hayden,Marks,Marks@reactual.tech,819614,5.00,1/10/2022,3,Lenoir,NC,US
847,James,Holmes,Holmes@reactual.tech,744485,5.00,2/2/2022,3,Gulfport,MS,US
848,Kyle,Rodriguez,Rodriguez@reactual.tech,769732,5.00,2/26/2022,3,Hayesville,NC,US
849,Amy,James,James@reactual.tech,583303,5.00,2/20/2022,3,Charlotte,NC,US
850,Jennifer,Forbes,Forbes@reactual.tech,430534,5.00,2/19/2022,3,Gastonia,NC,US
851,Melissa,Davila,Davila@reactual.tech,771921,4.20,2/12/2022,3,Jackson,MS,US
852,Michael,Carter,Carter@reactual.tech,604835,4.57,1/9/2022,3,Eden,NC,US
853,Derek,Brown,Brown@reactual.tech,696864,4.59,1/13/2022,3,Randleman,NC,US
854,Vincent,Ryan,Ryan@reactual.tech,210876,4.59,2/6/2022,3,Conover,NC,US
855,Joanna,Miller,Miller@reactual.tech,834221,4.59,2/4/2022,3,Chapel Hill,NC,US
856,Daniel,Young,Young@reactual.tech,305947,4.64,2/11/2022,3,Carthage,NC,US
857,Kayla,West,West@reactual.tech,301556,4.64,2/10/2022,3,Tarboro,NC,US
858,David,Valentine,Valentine@reactual.tech,934206,4.66,2/13/2022,3,Bladenboro,NC,US
859,Jesse,Robinson,Robinson@reactual.tech,752350,4.69,1/15/2022,3,Carthage,NC,US
860,Krista,Rivers,Rivers@reactual.tech,856550,4.69,1/19/2022,3,Independence,OR,US
861,John,Lopez,Lopez@reactual.tech,434234,4.69,2/13/2022,3,Hood River,OR,US
862,Daniel,Miller,Miller@reactual.tech,274013,4.69,1/10/2022,3,Hood River,OR,US
863,Scott,Lopez,Lopez@reactual.tech,654766,4.72,2/26/2022,3,Gresham,OR,US
864,James,Taylor,Taylor@reactual.tech,922672,4.72,2/5/2022,3,Salem,OR,US
865,Loretta,Ochoa,Ochoa@reactual.tech,804592,4.72,2/16/2022,3,Red Oak,TX,US
866,John,Gonzalez,Gonzalez@reactual.tech,892066,4.73,1/17/2022,3,Gladstone,OR,US
867,Marcus,Hood,Hood@reactual.tech,603393,4.73,2/12/2022,3,Grants Pass,OR,US
868,Shannon,Fitzgerald,Fitzgerald@reactual.tech,607614,4.74,1/12/2022,3,Farmington,MI,US
869,Chris,Cochran,Cochran@reactual.tech,697205,4.75,2/13/2022,3,Winterville,NC,US
870,Aaron,Smith,Smith@reactual.tech,540084,4.75,1/8/2022,3,Florence,OR,US
871,Allison,Stephens,Stephens@reactual.tech,897482,4.76,2/20/2022,3,Macon,GA,US
872,Lynn,Escobar,Escobar@reactual.tech,593733,4.76,1/20/2022,3,Macon,GA,US
873,Cheryl,Miller,Miller@reactual.tech,775700,4.76,1/18/2022,3,Eugene,OR,US
874,Amber,Santana,Santana@reactual.tech,723966,4.76,2/12/2022,3,Eugene,OR,US
875,Scott,Kennedy,Kennedy@reactual.tech,388396,4.77,2/13/2022,3,Lake Park,GA,US
876,Melissa,Hawkins,Hawkins@reactual.tech,402167,4.77,1/6/2022,3,Falls Church,VA,US
877,Phillip,Estes,Estes@reactual.tech,594349,4.77,1/2/2022,3,Falls Church,VA,US
878,Kathryn,Flowers,Flowers@reactual.tech,449345,4.78,2/25/2022,3,Corvallis,OR,US
879,Jeffrey,Combs,Combs@reactual.tech,539142,4.78,1/9/2022,3,Coos Bay,OR,US
880,David,Cooke,Cooke@reactual.tech,783410,4.78,1/20/2022,3,Decatur,GA,US
881,Tonya,Bartlett,Bartlett@reactual.tech,835666,4.79,2/21/2022,3,Cumming,GA,US
882,Dr.,Eugene,Eugene@reactual.tech,761783,4.79,2/13/2022,3,Columbus,OH,US
883,Steve,Heath,Heath@reactual.tech,388227,4.79,2/6/2022,3,Bend,OR,US
884,Ryan,Kirk,Kirk@reactual.tech,558691,4.79,1/20/2022,3,Bend,OR,US
885,Max,Hensley,Hensley@reactual.tech,930859,4.80,2/24/2022,3,Augusta,GA,US
886,Ricky,Duran,Duran@reactual.tech,614434,4.80,1/14/2022,3,Augusta,GA,US
887,Mariah,Garcia,Garcia@reactual.tech,828237,4.80,2/27/2022,3,Augusta,GA,US
888,Kevin,Chase,Chase@reactual.tech,364127,4.80,2/14/2022,3,Astoria,OR,US
889,Paul,Rivera,Rivera@reactual.tech,583298,4.80,1/5/2022,3,Astoria,OR,US
890,Donna,Fuentes,Fuentes@reactual.tech,640553,4.80,2/26/2022,3,Albany,OR,US
891,Kevin,Moore,Moore@reactual.tech,885269,4.80,1/12/2022,3,Palatka,FL,US
892,Jordan,Johnson,Johnson@reactual.tech,706668,4.81,1/14/2022,3,Pensacola,FL,US
893,Zachary,Gibbs,Gibbs@reactual.tech,603393,4.81,2/9/2022,3,Winner,SD,US
894,Tracy,Schmidt,Schmidt@reactual.tech,677742,4.81,2/21/2022,3,Orange Park,FL,US
895,Joseph,Hobbs,Hobbs@reactual.tech,786182,4.81,1/7/2022,3,Milton,FL,US
896,Gabriel,Norton,Norton@reactual.tech,722862,4.81,2/17/2022,3,Vermillion,SD,US
897,Rachael,Thomas,Thomas@reactual.tech,776622,4.82,2/24/2022,3,Sioux Falls,SD,US
898,Allison,Ross,Ross@reactual.tech,985366,4.82,2/13/2022,3,Watertown,SD,US
899,Arthur,Thompson,Thompson@reactual.tech,926364,4.82,1/1/2022,3,Jacksonville,FL,US
900,George,Jensen,Jensen@reactual.tech,638523,4.82,2/6/2022,3,Troy,AL,US
901,Brent,Haney,Haney@reactual.tech,624654,4.82,1/9/2022,3,Spearfish,SD,US
902,Diane,Reynolds,Reynolds@reactual.tech,816106,4.83,1/30/2022,3,Jacksonville,FL,US
903,Samantha,Woods,Woods@reactual.tech,801535,4.83,2/19/2022,3,Norwalk,CT,US
904,Thomas,Gonzalez,Gonzalez@reactual.tech,359399,4.83,2/13/2022,3,Montgomery,AL,US
905,Susan,Baker,Baker@reactual.tech,482876,4.83,1/4/2022,3,Sioux Falls,SD,US
906,Betty,Moore,Moore@reactual.tech,947132,4.84,2/13/2022,3,Sioux Falls,SD,US
907,Jacob,Carroll,Carroll@reactual.tech,742845,4.84,2/15/2022,3,Rapid City,SD,US
908,Alicia,Fisher,Fisher@reactual.tech,879972,4.84,1/26/2022,3,Rapid City,SD,US
909,Barbara,Avila,Avila@reactual.tech,905832,4.84,1/23/2022,3,Rapid City,SD,US
910,Randall,Dawson,Dawson@reactual.tech,545933,4.84,2/2/2022,3,Dana Point,CA,US
911,Annette,Vazquez,Vazquez@reactual.tech,695362,4.84,1/2/2022,3,Dana Point,CA,US
912,Michael,Roberts,Roberts@reactual.tech,679558,4.84,2/17/2022,3,Pierre,SD,US
913,Cody,Norman,Norman@reactual.tech,825431,4.85,2/19/2022,3,Chamberlain,SD,US
914,Diane,Torres,Torres@reactual.tech,540349,4.85,2/11/2022,3,Alexandria,MN,US
915,William,Duarte,Duarte@reactual.tech,705761,4.85,2/13/2022,3,Brookings,SD,US
916,Shannon,Anderson,Anderson@reactual.tech,781907,4.85,2/10/2022,3,Dana Point,CA,US
917,Heather,Anderson,Anderson@reactual.tech,725027,4.85,1/5/2022,3,Minneapolis,MN,US
918,Kimberly,Perkins,Perkins@reactual.tech,681896,4.85,1/11/2022,3,Columbia City,IN,US
919,Mark,Valenzuela,Valenzuela@reactual.tech,435866,4.85,2/20/2022,3,Chanhassen,MN,US
920,Randall,Ramirez,Ramirez@reactual.tech,886516,4.85,1/28/2022,3,Minneapolis,MN,US
921,Norman,Trevino,Trevino@reactual.tech,755753,4.85,1/12/2022,3,Springfield,IL,US
922,Scott,Reed,Reed@reactual.tech,936002,4.85,1/16/2022,3,Rock Falls,IL,US
923,Jeremiah,Pham,Pham@reactual.tech,294440,4.85,2/23/2022,3,La Crosse,WI,US
924,Kevin,Newman,Newman@reactual.tech,936937,4.85,1/28/2022,3,Rantoul,IL,US
925,Vincent,Lewis,Lewis@reactual.tech,409794,4.85,1/4/2022,3,Minneapolis,MN,US
926,Eric,Johnson,Johnson@reactual.tech,902309,4.86,1/31/2022,3,Saint Paul,MN,US
927,Katherine,Brandt,Brandt@reactual.tech,680411,4.86,1/25/2022,3,Minneapolis,MN,US
928,Alyssa,Garrison,Garrison@reactual.tech,873345,4.86,1/5/2022,3,Burnsville,MN,US
929,Kelly,Potter,Potter@reactual.tech,878549,4.86,1/6/2022,3,Lomita,CA,US
930,Jonathan,Smith,Smith@reactual.tech,862707,4.86,1/1/2022,3,Saint Paul,MN,US
931,Calvin,Simon,Simon@reactual.tech,756510,4.86,1/28/2022,3,Lincoln,IL,US
932,Kiara,Nguyen,Nguyen@reactual.tech,923711,4.86,1/15/2022,3,Lebanon,IL,US
933,Thomas,Nichols,Nichols@reactual.tech,361913,4.86,2/25/2022,3,Savage,MN,US
934,Anthony,Herrera,Herrera@reactual.tech,774330,4.87,2/17/2022,3,Bakersfield,CA,US
935,Dr.,Faith,Faith@reactual.tech,523064,4.87,2/23/2022,3,Carson,CA,US
936,Madison,Hall,Hall@reactual.tech,819906,4.87,2/13/2022,3,Dixon,IL,US
937,Katrina,Jimenez,Jimenez@reactual.tech,358204,4.87,1/8/2022,3,Decatur,IL,US
938,Julie,Rodriguez,Rodriguez@reactual.tech,269241,4.87,1/16/2022,3,South San Francisco,CA,US
939,Christopher,Gilbert,Gilbert@reactual.tech,937490,4.87,2/24/2022,3,Riverside,CA,US
940,David,Nichols,Nichols@reactual.tech,382152,4.87,2/24/2022,3,Huntington Beach,CA,US
941,Courtney,Smith,Smith@reactual.tech,952526,4.87,2/12/2022,3,Roseville,CA,US
942,Lauren,Fleming,Fleming@reactual.tech,292093,4.87,2/22/2022,3,Waterloo,IA,US
943,Christopher,Hawkins,Hawkins@reactual.tech,425778,4.87,1/14/2022,3,Toledo,IA,US
944,Kimberly,Diaz,Diaz@reactual.tech,797202,4.87,1/22/2022,3,Toledo,IA,US
945,Melissa,Rogers,Rogers@reactual.tech,934648,4.87,1/8/2022,3,Mount Pleasant,IA,US
946,Brad,Martin,Martin@reactual.tech,201565,4.87,1/23/2022,3,Mount Vernon,IA,US
947,Molly,Blankenship,Blankenship@reactual.tech,758095,4.87,2/26/2022,3,Marshalltown,IA,US
948,Timothy,Moreno,Moreno@reactual.tech,422723,4.87,1/15/2022,3,Knoxville,IA,US
949,Karen,Wright,Wright@reactual.tech,615762,4.88,2/24/2022,3,Rowland Heights,CA,US
950,Brian,Foley,Foley@reactual.tech,980909,4.88,2/16/2022,3,Gilroy,CA,US
951,Kathy,Mcknight,Mcknight@reactual.tech,911343,4.88,1/30/2022,3,Grinnell,IA,US
952,Katie,Young,Young@reactual.tech,682337,4.88,2/2/2022,3,San Rafael,CA,US
953,Kathy,Shelton,Shelton@reactual.tech,276765,4.88,1/20/2022,3,Gardena,CA,US
954,Susan,Banks,Banks@reactual.tech,847482,4.88,2/13/2022,3,Hamilton,OH,US
955,Cheyenne,Allison,Allison@reactual.tech,617369,4.88,1/5/2022,3,Fontana,CA,US
956,Alicia,Lynch,Lynch@reactual.tech,972850,4.88,2/7/2022,3,Fontana,CA,US
957,Tammy,Wiggins,Wiggins@reactual.tech,868970,4.88,2/28/2022,3,Fremont,CA,US
958,John,Meza,Meza@reactual.tech,820654,4.88,1/10/2022,3,Ermine,KY,US
959,Brittany,Walls,Walls@reactual.tech,596230,4.88,1/14/2022,3,Maysville,KY,US
960,Michael,Foley,Foley@reactual.tech,887188,4.88,1/27/2022,3,South Williamson,KY,US
961,Eric,Scott,Scott@reactual.tech,301481,4.88,1/10/2022,3,Fresno,CA,US
962,Jeffrey,Wilson,Wilson@reactual.tech,702038,4.88,2/13/2022,3,Macomb,MI,US
963,Jeremy,Stewart,Stewart@reactual.tech,399767,4.88,1/11/2022,3,Oacoma,SD,US
964,Garrett,Reeves,Reeves@reactual.tech,263630,4.88,2/7/2022,3,Manchester,NH,US
965,Robert,Wong,Wong@reactual.tech,787686,4.88,1/3/2022,3,Broken Bow,OK,US
966,Megan,Chung,Chung@reactual.tech,441476,4.88,1/30/2022,3,Frackville,PA,US
967,William,Rodriguez,Rodriguez@reactual.tech,541452,4.88,2/6/2022,3,Medford,OR,US
968,Mary,Garza,Garza@reactual.tech,603927,4.88,2/27/2022,3,Sayre,PA,US
969,Katelyn,Ross,Ross@reactual.tech,286652,4.88,2/17/2022,3,Dublin,VA,US
970,Eric,Jones,Jones@reactual.tech,806810,4.88,1/8/2022,3,Eureka,CA,US
971,John,Tyler,Tyler@reactual.tech,364327,4.89,1/30/2022,3,Gordonsville,VA,US
972,Isaac,Whitaker,Whitaker@reactual.tech,459948,4.89,1/14/2022,3,Tucson,AZ,US
973,Megan,Rosales,Rosales@reactual.tech,463469,4.89,1/31/2022,3,Hamilton,OH,US
974,Kelly,Calderon,Calderon@reactual.tech,644934,4.89,2/6/2022,3,Milford,OH,US
975,Thomas,Cantu,Cantu@reactual.tech,499569,4.89,1/14/2022,3,Cincinnati,OH,US
976,Amber,Griffith,Griffith@reactual.tech,870514,4.89,1/14/2022,3,Cincinnati,OH,US
977,Steven,Moore,Moore@reactual.tech,805866,4.89,1/2/2022,3,Middletown,OH,US
978,Brent,Burke,Burke@reactual.tech,616190,4.89,1/30/2022,3,Mason,OH,US
979,Ryan,Thomas,Thomas@reactual.tech,794041,4.89,1/10/2022,3,Hot Springs National Park,AR,US
980,Michelle,Lawson,Lawson@reactual.tech,437122,4.89,2/23/2022,3,Albuquerque,NM,US
981,Mark,Lucas,Lucas@reactual.tech,372716,4.89,1/5/2022,3,Shepherdsville,KY,US
982,Lisa,Brown,Brown@reactual.tech,303709,4.89,1/20/2022,3,McMinnville,OR,US
983,Joseph,Ramsey,Ramsey@reactual.tech,835957,4.89,2/5/2022,3,Danville,VA,US
984,Austin,Ryan,Ryan@reactual.tech,759280,4.89,1/10/2022,3,Union,MO,US
985,Matthew,Medina,Medina@reactual.tech,713310,4.89,1/2/2022,3,Saint Cloud,MN,US
986,Chloe,Guzman,Guzman@reactual.tech,243792,4.89,1/22/2022,3,Thief River Falls,MN,US
987,Steven,Newton,Newton@reactual.tech,683555,4.89,1/15/2022,3,Worthington,MN,US
988,Brenda,Mullen,Mullen@reactual.tech,907213,4.89,1/24/2022,3,Diamond Bar,CA,US
989,Andrew,Harris,Harris@reactual.tech,584593,4.89,2/10/2022,3,Mankato,MN,US
990,William,Williams,Williams@reactual.tech,693001,4.89,1/10/2022,3,Rochester,MN,US
991,David,Mcdonald,Mcdonald@reactual.tech,902477,4.89,2/23/2022,3,Minneapolis,MN,US
992,Jason,Coleman,Coleman@reactual.tech,791739,4.89,2/14/2022,3,Minneapolis,MN,US
993,Hayden,Kennedy,Kennedy@reactual.tech,806795,4.89,1/19/2022,3,Minneapolis,MN,US
994,Ann,Lloyd,Lloyd@reactual.tech,842124,4.89,2/13/2022,3,Minneapolis,MN,US
995,Douglas,Holmes,Holmes@reactual.tech,743327,4.89,1/12/2022,3,Osseo,MN,US
996,Carlos,Smith,Smith@reactual.tech,898116,4.89,1/11/2022,3,Shakopee,MN,US
997,Mariah,Rodriguez,Rodriguez@reactual.tech,736201,4.89,1/9/2022,3,Saint Paul,MN,US
998,Rebecca,Smith,Smith@reactual.tech,906740,4.89,1/17/2022,3,Saint Paul,MN,US
999,Miss,Robin,Robin@reactual.tech,841650,4.89,2/11/2022,3,Faribault,MN,US
1000,Lauren,Hays,Hays@reactual.tech,682740,4.89,1/22/2022,3,Saint Paul,MN,US